"";"time";"Aceh_actual";"Aceh_trendHP";"Aceh_cycleHP";"Bali_actual";"Bali_trendHP";"Bali_cycleHP";"Bangka.Belitung_actual";"Bangka.Belitung_trendHP";"Bangka.Belitung_cycleHP";"Banten_actual";"Banten_trendHP";"Banten_cycleHP";"Bengkulu_actual";"Bengkulu_trendHP";"Bengkulu_cycleHP";"Central.Java_actual";"Central.Java_trendHP";"Central.Java_cycleHP";"Central.Kalimantan_actual";"Central.Kalimantan_trendHP";"Central.Kalimantan_cycleHP";"Central.Sulawesi_actual";"Central.Sulawesi_trendHP";"Central.Sulawesi_cycleHP";"East.Java_actual";"East.Java_trendHP";"East.Java_cycleHP";"East.Kalimantan_actual";"East.Kalimantan_trendHP";"East.Kalimantan_cycleHP";"East.Nusa.Tenggara_actual";"East.Nusa.Tenggara_trendHP";"East.Nusa.Tenggara_cycleHP";"Gorontalo_actual";"Gorontalo_trendHP";"Gorontalo_cycleHP";"Indonesia_actual";"Indonesia_trendHP";"Indonesia_cycleHP";"Jakarta_actual";"Jakarta_trendHP";"Jakarta_cycleHP";"Jambi_actual";"Jambi_trendHP";"Jambi_cycleHP";"Lampung_actual";"Lampung_trendHP";"Lampung_cycleHP";"Maluku_actual";"Maluku_trendHP";"Maluku_cycleHP";"North.Kalimantan_actual";"North.Kalimantan_trendHP";"North.Kalimantan_cycleHP";"North.Maluku_actual";"North.Maluku_trendHP";"North.Maluku_cycleHP";"North.Sulawesi_actual";"North.Sulawesi_trendHP";"North.Sulawesi_cycleHP";"North.Sumatera_actual";"North.Sumatera_trendHP";"North.Sumatera_cycleHP";"Papua_actual";"Papua_trendHP";"Papua_cycleHP";"Riau_actual";"Riau_trendHP";"Riau_cycleHP";"Riau.Islands_actual";"Riau.Islands_trendHP";"Riau.Islands_cycleHP";"South.Kalimantan_actual";"South.Kalimantan_trendHP";"South.Kalimantan_cycleHP";"South.Sulawesi_actual";"South.Sulawesi_trendHP";"South.Sulawesi_cycleHP";"South.Sumatera_actual";"South.Sumatera_trendHP";"South.Sumatera_cycleHP";"Southeast.Sulawesi_actual";"Southeast.Sulawesi_trendHP";"Southeast.Sulawesi_cycleHP";"West.Java_actual";"West.Java_trendHP";"West.Java_cycleHP";"West.Kalimantan_actual";"West.Kalimantan_trendHP";"West.Kalimantan_cycleHP";"West.Nusa.Tenggara_actual";"West.Nusa.Tenggara_trendHP";"West.Nusa.Tenggara_cycleHP";"West.Papua_actual";"West.Papua_trendHP";"West.Papua_cycleHP";"West.Sulawesi_actual";"West.Sulawesi_trendHP";"West.Sulawesi_cycleHP";"West.Sumatera_actual";"West.Sumatera_trendHP";"West.Sumatera_cycleHP";"Yogyakarta_actual";"Yogyakarta_trendHP";"Yogyakarta_cycleHP"
"1";"2010_q1";1704.55734262651;1704.70397830361;-0.146635677099539;1693.41166705735;1694.34481753353;-0.933150476182846;1596.64187022005;1598.74664836704;-2.10477814698697;1800.04035310457;1801.35001566933;-1.3096625647629;1573.68528789754;1575.52455625054;-1.83926835299098;1884.56906905765;1884.52864019151;0.0404288661416103;1646.65217919748;1644.19428819703;2.45789100045386;1631.03629478358;1633.69195017106;-2.6556553874766;1928.81656144739;1930.67571567583;-1.85915422843868;1836.28897122872;1838.65712321491;-2.3681519861841;1614.50965934018;1618.51989153563;-4.01023219545482;1518.16172511944;1514.83685778992;3.32486732951429;1431.16425369291;1433.70050296259;-2.53624926968109;1937.64698077478;1938.78399784806;-1.13701707327596;1689.65864097961;1691.57110751471;-1.91246653509279;1741.56524683014;1743.16456310331;-1.59931627316882;1530.48974226709;1531.97398891089;-1.48424664380332;1592.87059812421;1595.95675894923;-3.08616082501999;1510.64111516365;1511.41481661444;-0.773701450788622;1627.52895372463;1633.66853367865;-6.13957995402006;1821.62468901836;1821.45928673643;0.165402281921388;1703.79420320131;1706.88297598088;-3.08877277956753;1832.09684052693;1838.5600706646;-6.46323013767483;1712.27114027486;1711.8647026649;0.406437609963405;1676.94654098895;1685.3742246166;-8.42768362764946;1751.42108984152;1754.76146402335;-3.34037418183539;1764.62999122008;1767.99931630913;-3.36932508905124;1623.10378231859;1628.42466070898;-5.32087839039309;1921.32126869189;1922.10450863714;-0.783239945243395;1684.85455714401;1685.5829757043;-0.728418560287537;1664.51855960631;1661.1768052848;3.34175432151096;1600.19268224683;1611.03623690271;-10.8435546558833;1520.39110765765;1525.09744405563;-4.70633639797597;1705.16059093436;1706.17780965541;-1.01721872105418;1656.95519640875;1657.62350783469;-0.6683114259381
"2";"2010_q2";1704.51939615892;1705.36327722804;-0.843881069126382;1695.61313033658;1696.02033878199;-0.407208445408969;1599.12106863865;1600.14072627493;-1.01965763627663;1801.69883980224;1802.96284050245;-1.26400070021441;1575.75683383096;1577.0946206735;-1.33778684253775;1886.20226999535;1885.81257658733;0.389693408016456;1644.71481528724;1645.84495852442;-1.13014323717834;1634.97189450141;1636.03422422992;-1.06232972851058;1932.47833830628;1932.21665915756;0.261679148718031;1836.91179992663;1839.59580034839;-2.6840004217529;1619.13164291719;1619.92271269496;-0.7910697777736;1513.47256144883;1516.61612397849;-3.14356252965808;1435.1496197266;1435.12505490729;0.0245648193047145;1940.00398341792;1940.34831727559;-0.34433385767602;1693.26105443133;1693.31793915988;-0.0568847285439915;1746.57761868712;1744.57834174523;1.99927694188773;1533.52019023637;1533.5375814996;-0.0173912632376414;1596.0718728419;1597.85762570204;-1.78575286014006;1512.99629335271;1513.00313366406;-0.0068403113500608;1635.99347141975;1635.38200899622;0.611462423526291;1821.19784893376;1822.95601209231;-1.75816315855718;1704.06424821698;1707.66035808972;-3.59610987274755;1836.84083433441;1839.53532834114;-2.69449400673511;1713.05074337919;1713.60360706739;-0.552863688196112;1687.80965944764;1686.89730045315;0.91235899448975;1757.83219868882;1756.73629975946;1.0958989293531;1769.75965333157;1769.45789597008;0.30175736149863;1630.53382462229;1630.74040459583;-0.206579973545558;1923.331829207;1923.6050806553;-0.273251448300016;1684.69599372778;1687.06175143349;-2.36575770571494;1664.97328822405;1661.74088967399;3.23239855005454;1611.46866879409;1612.4391340687;-0.970465274609523;1526.44254843854;1527.28166745725;-0.839119018712154;1706.71663708974;1707.69890849988;-0.982271410139447;1656.00360737264;1658.95226684175;-2.94865946910727
"3";"2010_q3";1705.15614910256;1706.02248450519;-0.866335402625282;1699.28076608162;1697.6952768114;1.58548927021957;1601.47549027518;1601.53348869648;-0.0579984212984073;1804.66686850026;1804.57484679647;0.0920217037894417;1578.79387624401;1578.66353555374;0.130340690268213;1889.54655426696;1887.0965382512;2.45001601576655;1647.50155322974;1647.49716503368;0.00438819605938079;1639.19859448078;1638.37483850417;0.823755976612574;1936.05854792198;1933.75644066789;2.3021072540821;1837.55062387978;1840.53299738687;-2.98237350709087;1623.60040991947;1621.32302745917;2.27738246030117;1520.02612875478;1518.39746820913;1.62866054565052;1438.93728944679;1436.5480216962;2.38926775058803;1941.94862291067;1941.91192606746;0.0366968432160775;1695.11505371825;1695.06357551346;0.0514782047889639;1748.48545180938;1745.99112081448;2.49433099489124;1535.52446332352;1535.10024643416;0.424216889361105;1600.60505849475;1599.75656360433;0.848494890411303;1515.11892376966;1514.59096715028;0.52795661938012;1639.79532516639;1637.09164707633;2.70367809006007;1824.3271665912;1824.45284082462;-0.125674233418522;1722.15266025333;1708.43580971558;13.716850537754;1842.13510652368;1840.50654649885;1.62856002483318;1714.05569275282;1715.34276549338;-1.28707274056273;1695.36458514366;1688.41510898743;6.94947615623164;1761.92531639087;1758.70904776171;3.21626862916014;1774.44736364766;1770.91436980284;3.53299384482125;1632.7385040634;1633.05282293368;-0.314318870288162;1925.52670678601;1925.10516314849;0.421543637519335;1689.67310883157;1688.54007190109;1.1330369304826;1672.70569650117;1662.30706265964;10.3986338415241;1623.5513607537;1613.83525401303;9.71610674067392;1529.96702467162;1529.46294939862;0.504075272993759;1710.11413374905;1709.21937158265;0.894762166400596;1663.82199885687;1660.28060815416;3.54139070271003
"4";"2010_q4";1705.65098259315;1706.68098106206;-1.02999846891817;1699.49990362126;1699.36879389744;0.13110972382492;1602.84662743235;1602.92298285932;-0.0763554269697124;1806.68160720689;1806.18442601185;0.497181195036774;1581.17412170272;1580.22931523176;0.944806470957928;1885.25801080847;1888.38079400952;-3.12278320105338;1646.71274493338;1649.15173756718;-2.43899263379399;1644.55973112886;1640.7114692531;3.84826187576323;1933.54187409574;1935.29406178491;-1.75218768917011;1840.40513736345;1841.46555673512;-1.06041937166742;1626.32196586883;1622.71783501452;3.60413085431446;1515.61178451713;1520.18100379735;-4.56921928022666;1436.79779425503;1437.96783352654;-1.17003927151109;1944.07284434081;1943.47389837932;0.598945961487971;1696.19204019345;1696.80678573092;-0.61474553746757;1740.58495852641;1747.40315028648;-6.81819176007002;1537.57675868781;1536.66104519087;0.915713496935041;1603.03653390151;1601.65052771006;1.38600619144631;1515.64321168388;1516.1778292345;-0.534617550620169;1645.84036011015;1638.79399284551;7.04636726464332;1825.42361428436;1825.9487774578;-0.525163173440887;1723.05229280446;1709.20515280679;13.8471399976688;1845.1155318009;1841.46800156013;3.64753024076822;1716.8654950127;1717.08208642658;-0.216591413884771;1689.18880937732;1689.92295314154;-0.734143764226928;1758.61504926885;1760.67830523306;-2.0632559642072;1769.7785665055;1772.36682057759;-2.58825407208633;1636.63816976505;1635.35846106106;1.27970870398167;1925.36636285148;1926.6040958096;-1.23773295811816;1694.19852017456;1690.01600324691;4.18251692764579;1669.36074036548;1662.87943308729;6.48130727819625;1623.5572942991;1615.21721297324;8.34008132586109;1532.08427373936;1531.63782397011;0.446449769252695;1711.22583848436;1710.73794922239;0.487889261974942;1662.45150794878;1661.60627116513;0.845236783646214
"5";"2011_q1";1706.92057411414;1707.33760636608;-0.417032251939418;1698.25895111448;1701.04104324657;-2.78209213208356;1602.75191023629;1604.30721974208;-1.55530950579214;1807.90093736683;1807.79002712261;0.110910244219895;1581.4448472378;1581.79005551101;-0.345208273201706;1887.87262053323;1889.66714394875;-1.79452341551223;1651.97433620692;1650.80950870987;1.16482749705392;1641.05855838541;1643.04230758351;-1.98374919809771;1935.4759691243;1936.82996290372;-1.3539937794194;1840.39350434787;1842.38845681441;-1.99495246654533;1620.42158363713;1624.10555791131;-3.68397427418017;1523.89706346756;1521.9678619715;1.92920149605993;1437.44010543679;1439.38441388786;-1.94430845106967;1944.76073659556;1945.03333130237;-0.272594706816335;1696.31375114904;1698.54637114159;-2.23261999254828;1749.87274349069;1748.81623909352;1.05650439716328;1537.21221275976;1538.2193043816;-1.00709162184035;1603.39111795941;1603.53700338247;-0.145885423062055;1515.81109946224;1517.76356205099;-1.95246258874636;1633.0887959737;1640.48728102911;-7.39848505540454;1827.93701928965;1827.44274796992;0.494271319729251;1714.35637121011;1709.97278234329;4.38358886682613;1838.5237998627;1842.41498779741;-3.89118793471721;1716.89727032749;1718.82067393023;-1.92340360273579;1684.15137413161;1691.4204792602;-7.26910512859126;1759.57689950713;1762.64467954437;-3.06778003723866;1770.75989623362;1773.81553918565;-3.05564295202907;1631.71842773362;1637.6536678672;-5.93524013358729;1928.51149571737;1928.10148179628;0.410013921097971;1685.80212563535;1691.48831975889;-5.68619412353883;1663.37583464079;1663.46860894862;-0.0927743078339063;1604.43141346198;1616.58369975359;-12.1522862916115;1532.8190659802;1533.80314030913;-0.984074328922816;1711.82279550282;1712.25395096412;-0.43115546129593;1662.58466091809;1662.92920863703;-0.344547718935928
"6";"2011_q2";1707.78996899917;1707.99055613561;-0.200587136433569;1703.07023824284;1702.71226000884;0.357978234005031;1606.45088219034;1605.68416260124;0.766719589108789;1808.871847303;1809.39040984102;-0.518562538019751;1583.27412169199;1583.34444269894;-0.0703210069543729;1891.70970014448;1890.95543641579;0.754263728686055;1650.91391342137;1652.46978667634;-1.55587325497459;1645.02235452894;1645.36794976585;-0.345595236907684;1938.67924125673;1938.36348930213;0.315751954603684;1841.9204834734;1843.29601328396;-1.37552981056501;1626.28749860105;1625.48687128165;0.800627319396426;1521.96438868191;1523.75631819786;-1.79192951594655;1441.22945144634;1440.79695499519;0.432496451143152;1946.74047387997;1946.58969626904;0.150777610931755;1700.87183506551;1700.28074885886;0.591086206648697;1754.14894054286;1750.22793479804;3.92100574481833;1537.10006839621;1539.77492293916;-2.6748545429416;1604.41069824107;1605.41434223869;-1.00364399761474;1518.64404411869;1519.34767359807;-0.703629479375877;1641.43572336823;1642.17415033202;-0.738426963790062;1827.59937396006;1828.93335011205;-1.33397615199351;1711.43199763687;1710.75174776749;0.680249869376212;1843.47899197593;1843.34507918952;0.133912786414385;1720.2837636508;1720.55749669793;-0.273733047126825;1694.37629730632;1692.90687484824;1.46942245807986;1766.26914740493;1764.60748853153;1.66165887340276;1776.07265330648;1775.25919885955;0.813454446925562;1638.20142199454;1639.93559205927;-1.73417006472823;1928.77224118387;1929.59615068307;-0.82390949920341;1689.27560195055;1692.95840979801;-3.68280784746435;1658.76582917329;1664.08924905239;-5.32341987909922;1614.80884279512;1617.93861570917;-3.12977291404422;1534.7736515378;1535.95602658418;-1.18237504638296;1713.47243634912;1713.76699128364;-0.294554934524058;1662.48831751636;1664.24990160522;-1.7615840888634
"7";"2011_q3";1708.41691300379;1708.63776544385;-0.220852440060071;1705.95448591842;1704.38094052671;1.57354539170274;1608.93844747763;1607.05080262483;1.88764485280308;1811.64415742653;1810.98440319825;0.659754228278871;1585.40271059394;1584.89094734788;0.511763246061264;1895.48518839183;1892.24439818046;3.24079021136617;1655.65407231663;1654.13260769836;1.52146461826851;1649.13843384961;1647.68775222733;1.45068162227972;1941.94424972506;1939.89314001182;2.05110971323734;1844.59439693221;1844.18129495767;0.413101974533902;1628.52767895498;1626.86014777369;1.66753118128736;1527.33989814056;1525.54585369366;1.79404444690817;1444.77657340892;1442.20343387076;2.57313953816015;1948.78576316318;1948.14229434005;0.643468823126113;1701.55735679423;1702.00694060859;-0.449583814362086;1753.28421672603;1751.63644527772;1.64777144830987;1541.37008991546;1541.32717036406;0.042919551399109;1611.54333097711;1607.28080471744;4.26252625966208;1521.74244638892;1520.92845158495;0.813994803972946;1646.06529481313;1643.85261540597;2.21267940716166;1831.16100793068;1830.41949055483;0.741517375852709;1712.8560980653;1711.55783826487;1.29825980042847;1847.19521634507;1844.25341772281;2.94179862225224;1721.38706606879;1722.29032129603;-0.903255227232194;1701.1543030446;1694.37678421982;6.77751882477764;1769.93490414869;1766.5641326679;3.37077148079311;1779.74959089987;1776.69456305498;3.05502784488385;1644.60896119284;1642.19767281934;2.41128837349834;1932.71666189315;1931.08718830324;1.62947358991187;1696.876098347;1694.42410785395;2.45199049305666;1669.77661862257;1664.7559542234;5.02066439917053;1631.71197553513;1619.27826701612;12.4337085190102;1539.67555829723;1538.09299591734;1.58256237989008;1715.87826254406;1715.27641518462;0.601847359444491;1667.59930123872;1665.56861576276;2.03068547595512
"8";"2011_q4";1709.64397942663;1709.27704399704;0.366935429581417;1706.2335303891;1706.04580487905;0.187725510052815;1608.60619122817;1608.40461020063;0.201581027533393;1811.91402827607;1812.5705121239;-0.656483847827985;1585.89563457949;1586.4279960595;-0.532361480005875;1891.10037652327;1893.53322742737;-2.43285090410313;1654.08703951663;1655.79703558691;-1.7099960702742;1652.16849361436;1650.00085539815;2.16763821621089;1939.76992960825;1941.41761140946;-1.64768180120745;1848.53910128404;1845.03651094331;3.50259034073679;1630.51746979279;1628.22426042768;2.29320936511249;1523.83192637083;1527.33482972017;-3.50290334934061;1442.57033209346;1443.60209784709;-1.03176575362932;1949.48796121357;1949.69052081214;-0.202559598570588;1705.65227738021;1703.72233754557;1.92993983464567;1745.30200405405;1753.04242903884;-7.74042498478684;1545.89984198959;1542.87364437277;3.02619761681854;1605.36838618432;1609.13402397998;-3.76563779565458;1524.37823877869;1522.50374395239;1.87449482630427;1652.3957423718;1645.52022938585;6.87551298595258;1831.67593394993;1831.89924223382;-0.223308283888173;1697.81779924949;1712.40726817707;-14.5894689275842;1848.84914135807;1845.13522907916;3.71391227890672;1724.4908937945;1724.01674320773;0.474150586776204;1696.68791719194;1695.82577007811;0.862147113835135;1765.30230763943;1768.51305096363;-3.21074332419562;1776.74592280716;1778.11890363665;-1.37298082949019;1648.56346265153;1644.43226547322;4.1311971783116;1930.73738533595;1932.5731655466;-1.83578021064932;1702.34954655065;1695.88094666145;6.46859988919618;1663.5949366329;1665.47999814903;-1.8850615161241;1621.99169753608;1620.59700374254;1.39469379354546;1542.47790694508;1540.20982244626;2.26808449882628;1716.69171142125;1716.78138357385;-0.0896721526044075;1666.99626055086;1666.88451581263;0.111744738227799
"9";"2012_q1";1710.44761037601;1709.90606346867;0.541546907337533;1704.82294913419;1707.70655661057;-2.88360747638421;1608.65482289024;1609.74423549447;-1.08941260422853;1813.50102328205;1814.14765389394;-0.646630611891169;1587.88459882768;1587.95433528751;-0.0697364598279364;1894.37392359564;1894.82314783504;-0.449224239403065;1658.56735097755;1657.46308506834;1.1042659092152;1651.1971639893;1652.3073063845;-1.11014239520091;1941.76617303502;1942.93688181528;-1.17070878026243;1848.97900014662;1845.85412853738;3.12487160923934;1625.68125413699;1629.57912449084;-3.89787035385234;1530.75563067666;1529.12272881646;1.63290186019867;1443.37079813997;1444.99280246891;-1.62200432894338;1950.2681950342;1951.23417315006;-0.965978115857752;1701.03845172315;1705.42404983465;-4.38559811150526;1754.92782165901;1754.44757444484;0.480247214168003;1544.6183203506;1544.41196950645;0.206350844157214;1607.84842536819;1610.97429726644;-3.12587189824194;1525.00621336421;1524.07190738793;0.934305976286169;1639.63513125719;1647.17592833115;-7.54079707396272;1833.80924406979;1833.37114153293;0.438102536863653;1697.45233614248;1713.3170632581;-15.8647271156228;1843.14730667654;1845.98757756455;-2.84027088800644;1724.62187054392;1725.73379338171;-1.11192283779451;1690.92092204735;1697.25363107555;-6.33270902819891;1769.41349853422;1770.45478916105;-1.04129062682478;1778.05565899659;1779.53140186167;-1.47574286507984;1645.6415185987;1646.63323240194;-0.991713803239236;1933.3951164876;1934.05367172396;-0.658555236362645;1693.63090483045;1697.32599144936;-3.69508661890973;1659.72640940799;1666.2757924319;-6.54938302390315;1624.15137416056;1621.89694702432;2.25442713624466;1543.38411415326;1542.30326941008;1.0808447431798;1717.2106393187;1718.28143351276;-1.07079419405909;1667.26999319584;1668.19803563625;-0.928042440412128
"10";"2012_q2";1711.98808527;1710.52272486684;1.46536040315823;1710.51824569586;1709.36301659446;1.15522910139725;1611.43447215098;1611.0684546603;0.366017490677677;1815.9422309879;1815.71433548195;0.227895505948254;1589.19678890637;1589.46837875969;-0.271589853313571;1897.35863655645;1896.11386255016;1.24477400629348;1658.40742004281;1659.12970212149;-0.722282078676699;1653.54496209747;1654.60850706647;-1.0635449690003;1945.09203387836;1944.44989974839;0.642134129968781;1848.85864348059;1846.62880415536;2.22983932523016;1630.76737303916;1630.92608846626;-0.158715427106472;1530.42150819784;1530.90684420699;-0.485336009146749;1447.25219859829;1446.37475842735;0.877440170938144;1952.72798783519;1952.77292221881;-0.0449343836226035;1706.72768611057;1707.11039385312;-0.382707742554203;1759.15450447905;1755.84873209353;3.30577238552178;1547.75079065001;1545.94166167977;1.80912897024382;1608.91705647673;1612.79956829334;-3.88251181660712;1525.4565972636;1525.63247013835;-0.175872874747256;1647.73619038541;1648.822945497;-1.0867551115989;1833.75912713591;1834.83358526839;-1.07445813248478;1709.64065307786;1714.29513084389;-4.65447776603219;1847.49621322872;1846.80984868016;0.686364548563461;1726.64062877799;1727.43879911078;-0.798170332790733;1700.89074049379;1698.66070470655;2.2300357872457;1774.42399300602;1772.38788628791;2.0361067181052;1782.05456844552;1780.93038087414;1.12418757138585;1648.45969266765;1648.79701798475;-0.337325317098021;1936.34863513794;1935.5271487835;0.821486354444232;1696.47239172174;1698.76035032141;-2.28795859967204;1660.67901794654;1667.15657051119;-6.47755256464188;1627.02060588456;1623.18108968099;3.83951620357061;1545.43812229484;1544.37151760076;1.06660469408507;1719.6750885127;1719.77604601766;-0.100957504965663;1667.74535627894;1669.50967895549;-1.76432267654695
"11";"2012_q3";1712.63186190768;1711.12526766649;1.50659424118544;1712.39706963802;1711.01320344921;1.38386618880986;1613.24255113201;1612.3753629692;0.86718816280063;1818.67875059827;1817.26865971737;1.41009088090141;1591.7694491668;1590.96849661853;0.80095254827188;1899.48650965496;1897.40479395427;2.08171570069385;1662.60069321504;1660.79652289136;1.80417032368314;1655.05932524871;1656.90516548516;-1.84584023645084;1948.57880016304;1945.95488203491;2.62391812812984;1848.04296770536;1847.35714725747;0.685820447887181;1634.48353882375;1632.26406468806;2.21947413569319;1535.01125303865;1532.68548967988;2.32576335877047;1450.54688092899;1447.74616266085;2.80071826814788;1955.10518741649;1954.30583514707;0.799352269416204;1709.50901431644;1708.77694497943;0.732069337013854;1761.130615839;1757.24305273725;3.88756310175245;1547.67945731892;1547.46236577669;0.217091542234357;1613.69505400768;1614.60582710728;-0.910773099599965;1528.05434272745;1527.18554439169;0.86879833576495;1652.54370171263;1650.45980114036;2.08390057226529;1837.66723270302;1836.28524407053;1.38198863249067;1715.34923531581;1715.33946281593;0.00977249988045514;1853.57741061223;1847.59965275785;5.97775785437489;1729.07541227998;1729.12839273595;-0.0529804559639615;1706.02187074604;1700.04337052234;5.97850022369448;1778.22511100605;1774.31023056534;3.91488044071684;1787.59631878118;1782.31324147886;5.28307730231654;1656.66641588017;1650.9194467798;5.74696910037142;1937.85753907433;1936.99162707638;0.865911997951571;1703.71773979238;1700.18282195223;3.53491784014773;1665.61915974804;1668.13147246169;-2.51231271364691;1625.67826079176;1624.45383354904;1.22442724271923;1545.367640232;1546.41342333821;-1.04578310620991;1722.26637289838;1721.2640328585;1.00234003987612;1671.98191416682;1670.81936946569;1.16254470112904
"12";"2012_q4";1712.82823128751;1711.7128471928;1.11538409470722;1712.69996277204;1712.65585781151;0.044104960530376;1614.8485647468;1613.66328445319;1.1852802936121;1818.59927473457;1818.80887186434;-0.209597129770145;1593.54543192018;1592.45288926288;1.09254265730215;1895.85024961047;1898.69614241266;-2.84589280219166;1659.64417250416;1662.46273209668;-2.81855959251607;1663.87892808027;1659.19732496605;4.68160311422685;1946.15479345974;1947.45044683479;-1.29565337505778;1850.26196269026;1848.03716095351;2.22480173674489;1636.04746977995;1633.59186629319;2.45560348675872;1531.29131195097;1534.45667568826;-3.16536373728536;1448.27511418533;1449.10576050792;-0.830646322594021;1956.93011224363;1955.83195097953;1.09816126410192;1714.08144916898;1710.41903939969;3.66240976929021;1752.36164807798;1758.62975323605;-6.26810515806824;1549.38914537609;1548.97485738676;0.414287989329296;1623.60282318767;1616.38663718497;7.21618600270449;1529.20822752238;1528.73113241542;0.477095106957222;1659.54718496516;1652.08433629624;7.46284866892051;1838.12084175951;1837.72411703334;0.396724726176672;1720.26690979585;1716.44514200709;3.8217677887551;1848.61401412658;1848.35502910734;0.25898501923939;1732.11320790208;1730.79870774179;1.31450016029203;1701.88271968466;1701.39940184655;0.483317838104085;1773.09774517953;1776.22098278113;-3.12323760160393;1782.03350027847;1783.67808709788;-1.64458681940459;1656.73889766068;1652.9961325169;3.74276514378971;1938.31904363307;1938.44565038273;-0.126606749659913;1703.87715965129;1701.5907750423;2.28638460898583;1663.47567372457;1669.20558988784;-5.72991616327022;1611.60164673534;1625.72198016258;-14.1203334272425;1551.06031737557;1548.4285095703;2.6318078052675;1723.14862153272;1722.74414270678;0.404478825937986;1673.55395107801;1672.12592816054;1.42802291747194
"13";"2013_q1";1712.95681292987;1712.28556039235;0.671252537516693;1712.57786653269;1714.29058523442;-1.71271870172723;1614.85492760274;1614.93108513687;-0.0761575341223306;1820.78874755543;1820.33409849379;0.454649061640566;1594.30665197166;1593.92025768691;0.386394284752669;1898.44155149323;1899.98940936296;-1.54785786973389;1663.52245932061;1664.12864206261;-0.606182741998964;1661.44075923365;1661.48387518447;-0.0431159508216297;1947.75291769799;1948.93685225682;-1.18393455882642;1851.6010367204;1848.66727699108;2.93375972932495;1630.71662781203;1634.90969358997;-4.19306577793827;1537.88318821376;1536.21986628735;1.66332192641539;1448.76360735034;1450.45404775603;-1.69044040569452;1956.81245146665;1957.35080835605;-0.53835688940103;1710.50859540386;1712.03247084336;-1.52387543950545;1759.4004696479;1760.01048017695;-0.610010529054989;1547.68085379697;1550.48004778178;-2.79919398481115;1617.50185781846;1618.1349927699;-0.6331349514453;1530.39033596055;1530.269779476;0.120556484557028;1646.04421722781;1653.69569443749;-7.6514772096732;1840.15667605965;1839.14906699369;1.0076090659627;1714.2271574532;1717.60725735808;-3.38009990487967;1845.50849339509;1849.07775313699;-3.5692597418963;1732.74392979529;1732.44584450008;0.298085295203919;1697.31273257295;1702.73030856543;-5.41757599248149;1775.25786192332;1778.12175052337;-2.86388860005218;1784.62310863692;1785.02632307654;-0.403214439621024;1650.85321362551;1655.02628078154;-4.17306715603695;1940.00173534007;1939.88830367767;0.113431662405901;1700.84287899218;1702.98378761577;-2.14090862359058;1659.93910030678;1670.38244419863;-10.4433438918572;1621.27293583704;1626.99309632276;-5.7201604857139;1548.51275716205;1550.41564563044;-1.90288846838212;1721.679473086;1724.21575069654;-2.5362776105444;1672.65757777271;1673.42890262415;-0.771324851434656
"14";"2013_q2";1713.96103246845;1712.84420132679;1.11683114166021;1716.08080419932;1715.91701883659;0.163785362731687;1616.77349859087;1616.17837184504;0.595126745836296;1822.64021440267;1821.84333517845;0.796879224223403;1595.5507732022;1595.36998572396;0.180787478245065;1902.97283959741;1901.28431755977;1.68852203764231;1664.64217299371;1665.79280351458;-1.15063052086907;1665.12303582331;1663.76663181771;1.35640400559737;1950.76968294656;1950.41354662641;0.356136320152245;1851.77450017348;1849.24731761883;2.52718255464674;1635.99098926992;1636.21928163888;-0.228292368956545;1538.44338332223;1537.97254718003;0.470836142207872;1452.68986567913;1451.79100103868;0.898864640451848;1958.92699805453;1958.86263226727;0.0643657872626591;1715.00819445192;1713.61532204599;1.3928724059308;1764.4920558784;1761.38296258124;3.10909329716242;1550.34178447242;1551.97910716349;-1.63732269107595;1619.62891850407;1619.84839822187;-0.219479717799004;1532.23374099665;1531.80232902429;0.431411972359911;1653.79464805998;1655.2976833174;-1.50303525742538;1839.90346689501;1840.55920474142;-0.655737846415377;1707.31958525906;1718.82328641445;-11.5037011553877;1850.50809724423;1849.7697621208;0.73833512343208;1733.75733490692;1734.06672494522;-0.309390038295533;1705.3971996779;1704.03790263889;1.35929703901206;1781.19815041016;1780.01218935666;1.18596105350321;1787.17120099676;1786.35832689345;0.812874103311287;1658.7793048945;1657.01143638746;1.76786850704093;1942.48386468533;1941.31859280711;1.16527187821771;1702.56965166758;1704.36286668715;-1.79321501956679;1666.49175929837;1671.66197560545;-5.17021630708609;1623.8020906866;1628.26592362232;-4.46383293571671;1553.98867710079;1552.37534573191;1.61333136888561;1725.94246350268;1725.67848476107;0.263978741612618;1673.35691021402;1674.72873295495;-1.37182274092743
"15";"2013_q3";1715.62709937394;1713.3899835906;2.23711578334337;1718.72919383283;1717.53372128749;1.19547254534086;1617.90582156656;1617.40470380404;0.501117762523108;1825.37258211452;1823.3358616467;2.03672046782003;1597.15135073495;1596.80169870379;0.349652031153482;1904.49401500025;1902.57962234653;1.9143926537206;1670.00881230103;1667.45338831379;2.55542398723901;1665.17523704008;1666.04738359558;-0.872146555501786;1954.13935015155;1951.87923830988;2.26011184166441;1850.68601567057;1849.77893868527;0.907076985302638;1640.55963799684;1637.51974483429;3.03989316254433;1543.08962520248;1539.71324364539;3.37638155709283;1455.91598174834;1453.11554046412;2.80044128422196;1961.16108178565;1960.36731123079;0.793770554859975;1715.69873792316;1715.16472332099;0.534014602172874;1767.31358453697;1762.7445482136;4.56903632336866;1553.22004924495;1553.47145623743;-0.251406992480497;1623.19710546447;1621.52396219127;1.673143273199;1533.806975959;1533.32969985899;0.477276100011295;1658.5081655501;1656.889328516;1.61883703409376;1843.18211564763;1841.95427082205;1.22784482558882;1720.08327462551;1720.08859415933;-0.00531953381573658;1854.62555404007;1850.43076254545;4.19479149462768;1735.64480298788;1735.65845731487;-0.0136543269961749;1710.64019042802;1705.32061004184;5.31958038618336;1787.07444939466;1781.89016491519;5.1842844794744;1791.68775100119;1787.67422401816;4.01352698302935;1662.51172813068;1658.9505359814;3.56119214928663;1944.52260373708;1942.73559451175;1.78700922532607;1707.14393793386;1705.72768120308;1.41625673078602;1673.05631717421;1673.03759722976;0.0187199444537782;1633.42437792559;1629.5356285537;3.88874937188689;1554.33000061169;1554.30693478271;0.0230658289776784;1729.05187551811;1727.13038766016;1.92148785795507;1677.46719242464;1676.02537717334;1.44181525129534
"16";"2013_q4";1715.64192278651;1713.92481879772;1.71710398878758;1719.00807366389;1719.13935762245;-0.131283958559379;1618.98696477952;1618.61001219442;0.376952585091431;1823.79610367871;1824.81145567647;-1.01535199776163;1598.98172429344;1598.21513494836;0.766589345073726;1901.05683863659;1903.87513439295;-2.81829575636129;1669.36983069159;1669.10784917739;0.261981514196577;1668.89946841334;1668.32876700041;0.570701412937069;1952.53272901464;1953.33285825877;-0.80012924413154;1850.99496483085;1850.26537552799;0.729589302854038;1640.7583661971;1638.81005488785;1.94831130924581;1537.60977502855;1541.44077523511;-3.83100020656025;1453.70933859917;1454.42714793098;-0.717809331814124;1961.73948724165;1961.86477399282;-0.125286751170506;1716.91787569855;1716.67867552702;0.239200171535231;1758.78520807603;1764.09452802205;-5.3093199460252;1558.37574834384;1554.95549238245;3.4202559613891;1625.66841250889;1623.15865615373;2.50975635515624;1535.93303879708;1534.85308041127;1.07995838581633;1665.87255006334;1658.46871621628;7.40383384705615;1843.69621594446;1843.33359594491;0.362619999551043;1733.46097285277;1721.39135576261;12.0696170901599;1852.05332861359;1851.06092235704;0.992406256549202;1738.21537726434;1737.21795647797;0.997420786360635;1707.26366398609;1706.57770630982;0.685957676264479;1780.84976403825;1783.75428405884;-2.90452002058214;1787.07026949191;1788.97464796655;-1.90437847463772;1664.24673055703;1660.8436211279;3.40310942913175;1943.49363317671;1944.13911382721;-0.645480650500758;1710.73964509958;1707.0767793508;3.66286574878427;1669.79456845139;1674.49949080781;-4.70492235642155;1638.15889293881;1630.79458771378;7.3643052250286;1555.24686616244;1556.21074602295;-0.963879860505358;1729.15269224521;1728.56966714031;0.583025104903527;1678.40754510519;1677.31793591053;1.08960919465858
"17";"2014_q1";1714.64147448712;1714.45201675946;0.189457727665513;1719.0437184741;1720.73334004711;-1.68962157301485;1619.1066609886;1619.79454139535;-0.687880406751674;1825.23633898002;1826.27116799594;-1.0348290159227;1599.64479438326;1599.61025131213;0.0345430711356585;1903.97924669601;1905.17186086416;-1.19261416814584;1670.80879766014;1670.75523596249;0.0535616976492292;1663.75050322413;1670.6128734229;-6.86237019876808;1953.4425010244;1954.77474999449;-1.33224897008949;1851.48345317568;1850.71043040771;0.773022767964449;1636.30575417533;1640.09108344442;-3.78532926909679;1544.92615317488;1543.15607173934;1.77008143554144;1453.75293629656;1455.72705561373;-1.97411931716738;1962.50403932441;1963.35544540616;-0.851406081742198;1719.19883301216;1718.15551328186;1.04331973030662;1765.13705372456;1765.43504860232;-0.297994877758128;1556.20434754817;1556.42945584802;-0.225108299851399;1625.51243396574;1624.75049729938;0.761936666364591;1535.98297028704;1536.37395740985;-0.3909871228052;1652.55208042556;1660.03494437439;-7.48286394882393;1845.29728635868;1844.69727822237;0.600008136316774;1719.87279371401;1722.71974306948;-2.84694935547441;1849.50055902301;1851.66303124639;-2.16247222338984;1737.96484576766;1738.74212876948;-0.777283001823434;1702.43703611377;1707.81179171616;-5.37475560238636;1783.30899955174;1785.60639382527;-2.29739427353206;1788.5068582702;1790.26274070887;-1.75588243867219;1659.18458337243;1662.69295913664;-3.50837576420395;1944.46969596213;1945.53007266988;-1.0603767077489;1706.52611091573;1708.40959447801;-1.88348356228562;1666.82076480296;1676.03784977585;-9.2170849728866;1637.7710665854;1632.03760816776;5.73345841763467;1555.31147009206;1558.08712710887;-2.77565701681783;1728.97850759371;1729.99573187795;-1.01722428423409;1678.63258570356;1678.60641093224;0.0261747713275327
"18";"2014_q2";1716.2133446586;1714.97596047711;1.23738418148332;1722.01174689033;1722.31499871468;-0.303251824348763;1621.49527336911;1620.95877138134;0.536501987775182;1828.0311763757;1827.71541473832;0.3157616373785;1600.49028346447;1600.98748376788;-0.497200303412683;1906.77655450032;1906.46904749043;0.307507009890287;1671.66156255842;1672.39476226467;-0.733199706252208;1666.89452132826;1672.90215094217;-6.00762961391092;1956.52631699636;1956.20475695769;0.321560038672942;1851.98344497565;1851.11836157845;0.865083397197168;1640.09555943614;1641.36491984344;-1.26936040730266;1544.23471754895;1544.8576685731;-0.622951024150552;1457.50939578929;1457.01604705597;0.493348733321909;1964.96759461908;1964.83967201939;0.127922599691374;1721.44540361599;1719.59372070341;1.85168291258378;1769.09828906506;1766.76493822514;2.33335083991869;1557.51685034594;1557.89372454359;-0.376874197653933;1628.86212658814;1626.29907141608;2.56305517205828;1537.25900563406;1537.89449255746;-0.63548692339532;1659.86145294311;1661.5917383426;-1.73028539949019;1845.25534379542;1846.04564240429;-0.790298608877492;1720.93683784895;1724.06947143583;-3.13263358687368;1853.30140366991;1852.24049915821;1.06090451169644;1740.52182255588;1740.22850391235;0.293318643528437;1710.80514080711;1709.02589525768;1.77924554942842;1787.37413718553;1787.44652592714;-0.0723887416088473;1791.93537045024;1791.54045397881;0.394916471425631;1664.13865801779;1664.50294426065;-0.364286242859407;1947.56457684903;1946.90898953074;0.655587318295829;1708.03740625654;1709.72784922351;-1.69044296697507;1670.43241536671;1677.63992699362;-7.20751162690703;1627.71241903756;1633.26409967164;-5.55168063407814;1560.06164197915;1559.93582327181;0.125818707331746;1730.80244200677;1731.40835494017;-0.605912933396439;1678.01974630995;1679.89148500993;-1.87173869997173
"19";"2014_q3";1717.72763714181;1715.50115136307;2.22648577874429;1724.69374434346;1723.88260776484;0.811136578617834;1622.57178027879;1622.10275220166;0.469028077137182;1829.61954284881;1829.14396526868;0.475577580124764;1602.53784355344;1602.34728987786;0.19055367557894;1910.24020688226;1907.76519461818;2.47501226407985;1674.69391244097;1674.02567515556;0.668237285409759;1671.59877446963;1675.19475865594;-3.59598418631458;1960.09567740163;1957.62188993341;2.47378746821846;1853.69740189106;1851.49391043348;2.20349145758064;1645.57227911359;1642.63128759356;2.94099152002786;1550.52092632127;1546.54520745231;3.97571886896412;1460.73003595732;1458.29367197676;2.43636398055878;1966.40910918645;1966.31726825231;0.0918409341361439;1722.2191637965;1720.9924339844;1.2267298121003;1772.22356588468;1768.08283891447;4.14072697020197;1559.80753340947;1559.34853568593;0.45899772354278;1631.05075057073;1627.80444050213;3.24631006860136;1539.62197925182;1539.41660318987;0.205376061955576;1664.51801834012;1663.13814668325;1.37987165687741;1848.50275067055;1847.37938824564;1.12336242490915;1726.93657478248;1725.43447687416;1.5020979083165;1857.18774972313;1852.79538449207;4.3923652310541;1742.47153627254;1741.67412582766;0.797410444880143;1715.14082075969;1710.219686709;4.92113405069017;1794.3731402115;1789.27327620568;5.09986400581852;1795.88862783355;1792.80864208356;3.07998574999124;1668.17746448806;1666.27577801814;1.90168646992129;1949.49718345222;1948.27572016532;1.22146328689996;1711.56572835373;1711.03208904887;0.533639304861936;1671.58101206073;1679.28721464277;-7.70620258203894;1634.52228816746;1634.4770553929;0.0452327745649654;1564.40647771584;1561.75484495747;2.65163275836608;1734.32438707578;1732.8066736289;1.51771344687813;1682.90125320537;1681.1738572743;1.72739593106758
"20";"2014_q4";1715.7666581453;1716.03286419482;-0.266206049511084;1726.68382549159;1725.43425180492;1.2495736866656;1623.58030046398;1623.22686921931;0.353431244667718;1831.13545199241;1830.5567863031;0.578665689312174;1604.64113016566;1603.68981645408;0.951313711581406;1906.519994659;1909.05899478571;-2.53900012671534;1674.59644954518;1675.64676345698;-1.05031391180637;1677.75363154771;1677.48510089344;0.268530654266215;1957.90393871476;1959.02536068172;-1.12142196695822;1854.64323937023;1851.84235904316;2.80088032706703;1645.79106471852;1643.88911685316;1.90194786535858;1545.39528028334;1548.21794074849;-2.82266046514997;1458.63372714833;1459.55978843809;-0.926061289767631;1967.74517210681;1967.78812847632;-0.0429563695108754;1723.73768667399;1722.35194661936;1.38574005462942;1763.37275385396;1769.38885103854;-6.01609718457394;1562.01063646019;1560.79389094542;1.21674551477577;1632.0772568701;1629.26826846528;2.80898840481495;1540.89484101874;1540.94180946352;-0.0469684447843974;1671.81584569705;1664.67213653028;7.14370916677399;1848.27778876643;1848.69872156472;-0.420932798287367;1723.3995243402;1726.80673750102;-3.40721316082204;1853.45449519129;1853.33040871286;0.124086478429263;1744.93021553311;1743.07622176064;1.85399377247631;1711.18582268199;1711.39394787317;-0.208125191175895;1788.42360404995;1791.08519525917;-2.66159120921452;1792.93124122115;1794.06840615307;-1.13716493192783;1669.38521566908;1668.01343424839;1.37178142069229;1948.81512616581;1949.63053007124;-0.815403905429548;1714.90677417924;1712.32180288879;2.58497129044895;1680.55731351225;1680.95670021019;-0.399386697942646;1638.21500064171;1635.67599869864;2.53900194307198;1566.03136795841;1563.54228124824;2.48908671017557;1734.63098434541;1734.18944655049;0.441537794914211;1682.51980873879;1682.45305701938;0.066751719412423
"21";"2015_q1";1712.56165583638;1716.57776530346;-4.0161094670857;1724.8160480299;1726.96852240259;-2.15247437269022;1623.11975569814;1624.33180093986;-1.21204524172049;1830.63463854295;1831.95414179367;-1.31950325071193;1604.79669542375;1605.01532940463;-0.218633980878849;1909.41196015993;1910.350687414;-0.938727254062997;1678.10725652757;1677.25723363905;0.850022888516833;1678.90149105536;1679.76533449377;-0.863843438409049;1958.51472113384;1960.41592707984;-1.90120594599512;1850.83213595132;1852.17036666004;-1.33823070872313;1640.88058285685;1645.13917590034;-4.25859304348842;1549.57143285485;1549.87760565748;-0.306172802632091;1458.47109603096;1460.81577722946;-2.34468119850249;1967.93682701169;1969.25220446342;-1.31537745172977;1723.90193874603;1723.67331880899;0.228619937039866;1769.93001283776;1770.68566291992;-0.755650082157445;1560.25101090681;1562.23007886603;-1.97906795921517;1631.30019162437;1630.6942481571;0.605943467261795;1540.92764974589;1542.4717598949;-1.54411014900757;1658.76144952148;1666.19253743743;-7.43108791595478;1850.02170532741;1850.00455028137;0.0171550460329399;1721.64203259362;1728.17917024413;-6.53713765050725;1849.49194922688;1853.85103851375;-4.35908928687422;1745.49131651086;1744.43251733804;1.05879917281595;1706.38097098783;1712.55253626204;-6.17156527421639;1789.05654066774;1792.88402110087;-3.8274804331304;1793.06844938691;1795.32277230842;-2.25432292151208;1664.77625441817;1669.71907534474;-4.94282092656772;1949.29594278637;1950.97444816067;-1.67850537430104;1712.66781700515;1713.59681320256;-0.928996197405922;1685.56544945025;1682.62055480615;2.94489464410549;1635.96191757235;1636.86048122644;-0.898563654093095;1560.70821253732;1565.29787849698;-4.58966595965285;1734.3192228894;1735.55638088219;-1.23715799279444;1682.78896801671;1683.72969316164;-0.940725144921089
"22";"2015_q2";1714.31452865028;1717.14235464134;-2.82782599105076;1727.70344903574;1728.48479210908;-0.781343073334256;1625.39613606935;1625.4184467634;-0.0223106940502475;1833.24831092736;1833.3366573585;-0.0883464311434636;1605.57584629747;1606.32468920865;-0.748842911178144;1911.89939486019;1911.63892504892;0.260469811270013;1678.46298359097;1678.8556357257;-0.392652134728451;1680.85156857343;1682.02778412768;-1.17621555424898;1961.79263830565;1961.79364611628;-0.00100781062906208;1851.34064550746;1852.48634308687;-1.14569757941217;1644.91114238345;1646.38342173059;-1.47227934714351;1550.67325834681;1551.5241752123;-0.850916865493218;1462.14078636404;1462.06244035206;0.0783460119853316;1970.18904488617;1970.70942113787;-0.520376251701691;1725.6503706315;1724.95847684149;0.691893790007043;1774.03809991262;1771.97220282045;2.06589709217019;1562.9069265326;1563.65814845767;-0.751221925072969;1631.8819250112;1632.08782804691;-0.205903035709753;1543.52151514056;1544.00807364521;-0.486558504651384;1665.94863805696;1667.70264377667;-1.75400571971477;1850.26294942796;1851.29751923243;-1.03456980446936;1733.30375512774;1729.54256252299;3.7611926047432;1851.21966381871;1854.36281814195;-3.14315432324474;1746.69131234787;1745.74189693274;0.949415415125259;1714.0006507309;1713.69917930922;0.301471421685392;1794.98134690721;1794.66982824956;0.31151865764491;1796.44187565447;1796.57405594258;-0.132180288100699;1671.08488422253;1671.39672106392;-0.31183684139387;1952.3990306469;1952.30799371832;0.0910369285745674;1712.03836007699;1714.85855805651;-2.82019797951466;1689.61503948764;1684.25069992422;5.36433956342626;1634.53374768611;1638.03164149011;-3.49789380400125;1568.29619554749;1567.02293873574;1.2732568117533;1736.39924402459;1736.90745976237;-0.508215737772161;1682.54724308514;1685.00441633736;-2.4571732522204
"23";"2015_q3";1717.72739747499;1717.73062209234;-0.00322461734299395;1730.74821504909;1729.98108817913;0.767126869965296;1626.48489117953;1626.48694856172;-0.00205738219597151;1835.47070857647;1834.70413392621;0.766574650261418;1607.59227889064;1607.61861969906;-0.0263408084201728;1915.12600646027;1912.92177353182;2.20423292845112;1681.33737639681;1680.44105100515;0.896325391662231;1686.12083713297;1684.26423456381;1.85660256916435;1965.38210132778;1963.15738652582;2.22471480195804;1850.96369051227;1852.7978617322;-1.83417121992989;1650.52268649734;1647.62114971878;2.9015367785646;1556.21196019545;1553.15743108798;3.05452910746317;1465.39882778782;1463.2991143813;2.09971340651919;1972.38173555857;1972.15888131303;0.222854245539793;1726.58049617895;1726.20948989254;0.371006286414058;1777.31149296338;1773.24692672068;4.06456624270072;1565.29470265206;1565.0779118128;0.216790839264377;1632.800870719;1633.45483531866;-0.65396459966496;1546.17247230988;1545.55140480681;0.621067503076347;1670.64480285926;1669.20110549001;1.44369736924409;1853.41303603398;1852.57828397664;0.834752057334526;1728.55817174442;1730.88361604608;-2.32544430165308;1855.8203701671;1854.86856741386;0.951802753237644;1747.85020887886;1747.00390666709;0.846302211766215;1719.00797757229;1714.83374722;4.17423035229126;1801.6064883881;1796.44029904874;5.16618933936115;1800.27911448912;1797.8231634967;2.45595099242882;1674.94553595724;1673.04730189958;1.89823405765856;1954.42155625177;1953.63063696307;0.790919288693885;1716.09107311612;1716.10789489435;-0.016821778228632;1700.90412526288;1685.82089761714;15.083227645737;1640.92378019284;1639.19005640116;1.73372379167699;1570.62151269059;1568.71589545537;1.9056172352241;1739.46014040968;1738.24189310565;1.21824730403296;1688.16182437219;1686.27728922964;1.8845351425457
"24";"2015_q4";1716.76984483566;1718.34479014914;-1.57494531347834;1732.5617286228;1731.45494952807;1.10677909473202;1627.75648409746;1627.53743426246;0.219049834995985;1835.88871731625;1836.05631720888;-0.16759989263528;1609.38610246337;1608.89737668195;0.488725781423227;1912.37979650722;1914.1974614977;-1.81766499048172;1680.96384351625;1682.01231535806;-1.04847184180949;1691.81503671733;1686.46573543603;5.34930128130759;1963.45761769656;1964.50601641338;-1.04839871681656;1853.84409526816;1853.11177994359;0.732315324561114;1650.64626980914;1648.85073506516;1.79553474398131;1552.76717549372;1554.77662313652;-2.00944764279689;1463.65799540874;1464.5251848589;-0.867189450160822;1974.05745444814;1973.59936256709;0.458091881053178;1726.97088265643;1727.42885957142;-0.457976914988421;1768.56802534992;1774.50958178682;-5.94155643689783;1568.34652178868;1566.48871151013;1.85781027854364;1634.96197805204;1634.80096846696;0.161009585073998;1546.78452648239;1547.10210337299;-0.317576890599184;1677.24473728115;1670.6854762659;6.55926101524915;1853.51141919985;1853.84685346661;-0.335434266760103;1735.58963874401;1732.19138326723;3.39825547678356;1857.73369725548;1855.36914167445;2.36455558103307;1749.32235053053;1748.21868604806;1.10366448247078;1715.19886910475;1715.95629861934;-0.757429514583009;1795.51460230443;1798.19331054105;-2.67870823662724;1796.77109571751;1799.07091879925;-2.29982308174635;1676.61612638209;1674.67155344733;1.94457293476398;1953.92463234029;1954.94190501187;-1.01727267157503;1719.35289146092;1717.34391853606;2.0089729248607;1691.93377826475;1687.30826264988;4.62551561486839;1643.17181456986;1640.33411668746;2.83769788239761;1574.2637392616;1570.3759779322;3.88776132940052;1740.10573711142;1739.55857319182;0.547163919597324;1687.86156316647;1687.54683878827;0.314724378197297
"25";"2016_q1";1716.21592905625;1718.987079289;-2.7711502327586;1730.85063567677;1732.90439452551;-2.05375884874661;1626.49674798217;1628.57003050739;-2.07328252521847;1835.65846511156;1837.39343202775;-1.73496691618334;1609.68850429203;1610.1611995004;-0.472695208372897;1914.34481370041;1915.46559522713;-1.12078152671324;1683.08015070018;1683.56882486843;-0.488674168249645;1691.58302074806;1688.62449675484;2.9585239932162;1963.94253790765;1965.83979433059;-1.89725642294547;1850.33561501089;1853.4338087116;-3.09819370071045;1645.63866205388;1650.07236643048;-4.43370437660315;1556.01855541543;1556.38291029058;-0.364354875142681;1463.29621305042;1465.74134964741;-2.44513659699237;1973.54055356773;1975.02978176215;-1.48922819442419;1727.43426784686;1728.61931936636;-1.18505151949785;1774.86978516388;1775.76245553901;-0.892670375130592;1565.70494066888;1567.89002562269;-2.1850849538107;1633.48553044897;1636.13151725851;-2.64598680954191;1545.97021266698;1548.66090750425;-2.69069483726958;1664.55124856444;1672.15421210363;-7.60296353919057;1854.58063841443;1855.10375837499;-0.523119960555505;1720.74864746427;1733.4534632376;-12.7048157733329;1852.19434612913;1855.86599114538;-3.67164501625416;1749.59911423591;1749.38690352153;0.212210714380262;1710.89476297274;1717.06950102614;-6.17473805340001;1796.04656371428;1799.92996863751;-3.88340492322959;1797.88042610908;1800.31968064809;-2.4392545390167;1670.13010126984;1676.27139769907;-6.14129642923194;1954.3206474419;1956.24181930621;-1.92117186430733;1718.78529103952;1718.56571328801;0.219577751516454;1693.53430984961;1688.69933680467;4.83497304494563;1641.27382158803;1641.46329665429;-0.189475066260002;1566.59623220906;1572.00360645335;-5.40737424429676;1739.75452933134;1740.85715370524;-1.10262437389156;1687.73808562052;1688.81276979752;-1.07468417699579
"26";"2016_q2";1717.02481380517;1719.6587256484;-2.63391184323791;1734.03048746581;1734.32813327802;-0.297645812217752;1629.15850975739;1629.5850008444;-0.426491087003797;1838.29920119884;1838.71559845411;-0.416397255267157;1610.85297833877;1611.41063295112;-0.557654612351143;1917.42959825439;1916.72464496003;0.70495329435289;1684.03894493089;1685.10932032539;-1.07037539449698;1695.30425514311;1690.73607184406;4.56818329905468;1967.43858898877;1967.15832357994;0.280265408835703;1850.61295810621;1853.77011672386;-3.15715861764397;1650.15494600898;1651.2873546847;-1.13240867572813;1555.9098211531;1557.97619557807;-2.06637442496822;1467.22402272423;1466.94776461601;0.276258108219736;1976.07761372769;1976.44934206775;-0.371728340052869;1729.19985867396;1729.78331653;-0.583457856043879;1779.13646512331;1777.00412202459;2.13234309871859;1568.78574809263;1569.28249335491;-0.496745262275908;1635.20589364712;1637.451872091;-2.24597844388154;1549.09203263831;1550.22835687551;-1.13632423719605;1671.91250360284;1673.60986854063;-1.69736493779237;1855.61128932439;1856.34931972801;-0.738030403619632;1727.88460445689;1734.65957891803;-6.77497446114103;1853.93282041084;1856.36204389557;-2.42922348472871;1751.68286531814;1750.50991732365;1.1729479944845;1718.38646577856;1718.17554856588;0.210917212685899;1802.68253005283;1801.64970505645;1.03282499638431;1801.39772662866;1801.57037045163;-0.172643822979353;1677.67321805862;1677.84997200481;-0.176753946194594;1958.08341704646;1957.52976549218;0.553651554279895;1716.37124889715;1719.77361906462;-3.40237016747506;1697.68155500772;1689.98355281101;7.69800219670628;1638.34296030737;1642.57884416806;-4.2358838606865;1572.77681803937;1573.60163115676;-0.82481311739366;1742.08362375043;1742.1376303077;-0.0540065572745334;1687.81773622746;1690.07498374438;-2.25724751691314
"27";"2016_q3";1720.19783942025;1720.35923339489;-0.161393974640305;1737.08863804969;1735.72359229286;1.36504575682693;1630.56291950519;1630.58131301983;-0.0183935146351359;1840.57227000268;1840.02185220496;0.550417797725004;1612.62931623622;1612.64592639629;-0.0166101600702859;1919.96621314925;1917.97238044792;1.99383270132648;1687.09765704988;1686.63223709669;0.465419953185574;1693.71457709025;1692.79786310496;0.916713985283423;1970.8678436321;1968.46002167859;2.40782195350471;1850.9160326434;1854.12493629693;-3.20890365353171;1655.4419619426;1652.49423963256;2.94772231004322;1562.96306603921;1559.55615430511;3.40691173409982;1470.30974891788;1468.14305742349;2.16669149439144;1978.30495093055;1977.85631588578;0.448635044768935;1730.46342303437;1730.9225576578;-0.459134623432419;1782.42625792635;1778.23259737192;4.19366055443129;1570.67451112747;1570.66538823312;0.00912289434882041;1636.99622627578;1638.76576962038;-1.76954334459447;1551.64085075428;1551.80330947742;-0.16245872313425;1676.48319110275;1675.05024926213;1.43294184062552;1858.56268684278;1857.58353160192;0.979155240857608;1747.16000926552;1735.79151275948;11.3684965060372;1857.06731113988;1856.85793321581;0.209377924071759;1753.15311003139;1751.58921832231;1.56389170908301;1721.97898523177;1719.27277615274;2.70620907902844;1808.16110530857;1803.34952438815;4.81158092042415;1805.11336166437;1802.82238508421;2.29097658016531;1680.73870490338;1679.40657540426;1.33212949911649;1960.16885278559;1958.80392848345;1.3649243021373;1722.13800383558;1720.96811301644;1.16989081913653;1704.07056660375;1691.15336525656;12.9172013471873;1644.71703596434;1643.68188867329;1.03514729105041;1576.16017237779;1575.16952257148;0.990649806315105;1744.16007922872;1743.39930952079;0.760769707924055;1692.98295556861;1691.33271043824;1.65024513036906
"28";"2016_q4";1720.89272998004;1721.08646050113;-0.19373052108449;1738.40390289715;1737.08801204868;1.31589084847406;1632.58516816808;1631.55766822308;1.02749994500641;1841.29208184589;1841.31096874898;-0.0188869030957903;1614.75871548189;1613.86698066399;0.891734817902261;1917.53690147139;1919.20701203808;-1.6701105666973;1689.20219195357;1688.13534156548;1.06685038809314;1695.44405444336;1694.81012805341;0.633926389948556;1968.59022989564;1969.74348130964;-1.15325141400263;1853.59106244134;1854.50052652325;-0.909464081903025;1655.69304330981;1653.69085332335;2.0021899864621;1559.54796114425;1561.12117029378;-1.57320914952811;1468.47880020887;1469.32602838996;-0.847228181094351;1979.45485955751;1979.24874328795;0.206116269562472;1733.05763251024;1732.03838468405;1.01924782619085;1773.45196638663;1779.44723042382;-5.99526403719096;1573.93073380866;1572.03767331788;1.89306049077527;1639.14802433157;1640.07554276606;-0.927518434490139;1553.11101917652;1553.38391309799;-0.272893921473269;1683.52630610366;1676.47209710025;7.05420900340982;1858.62822421994;1858.80592680398;-0.177702584034478;1755.00168575121;1736.8268128539;18.17487289731;1859.74266271945;1857.35277413218;2.38988858727316;1754.32843135515;1752.62703047785;1.70140087730806;1720.61518681661;1720.35965052416;0.255536292454735;1802.90903230115;1805.0270767385;-2.11804443734422;1801.84944982801;1804.07501351775;-2.22556368973892;1683.99854483439;1680.94039646593;3.05814836845866;1959.48670422112;1960.0628392259;-0.576135004779189;1723.14169892017;1722.14754581266;0.99415310751283;1695.62883775655;1692.20603998034;3.42279777620956;1647.92144008495;1644.77091218709;3.15052789786205;1581.59703859486;1576.70623571833;4.89080287652587;1744.85684412947;1744.64146411197;0.215380017496045;1692.52733463781;1692.58376890879;-0.0564342709742505
"29";"2017_q1";1719.98943568824;1721.83816406854;-1.84872838030128;1736.91614623827;1738.41948617771;-1.50333993943354;1632.67915371712;1632.5127561476;0.16639756951804;1841.4214115306;1842.58206756601;-1.16065603540665;1614.75294317928;1615.07368620091;-0.320743021630733;1919.51674798384;1920.42799622327;-0.911248239429369;1692.16737124213;1689.61669100235;2.55068023977833;1695.43575448961;1696.77369715151;-1.33794266190307;1969.17535939402;1971.00880004487;-1.83344065085475;1854.12986783723;1854.89714093046;-0.767273093230187;1650.38703313957;1654.87687013282;-4.48983699325368;1563.11327569886;1562.67175668601;0.441519012852496;1468.18319186776;1470.49683201771;-2.31364014994642;1979.8114056181;1980.62494474284;-0.813539124741965;1731.59232339299;1733.1318525839;-1.53952919090307;1779.86611468396;1780.64999106093;-0.783876376970738;1572.13783874916;1573.39831737155;-1.2604786223842;1640.31334817325;1641.38241848286;-1.06907030961133;1553.30071645565;1554.96821398853;-1.66749753287877;1670.78292232945;1677.87305047579;-7.09012814634229;1859.00828774055;1860.01665011347;-1.00836237292037;1724.39278735716;1737.75013260354;-13.3573452463804;1854.96268348803;1857.845812532;-2.88312904396867;1751.55932678416;1753.62655518295;-2.06722839879308;1716.01428706638;1721.43632979826;-5.42204273188054;1803.50501683667;1806.68301945146;-3.17800261479465;1802.95722731113;1805.32897658457;-2.37174927344222;1677.60072051882;1682.45145633926;-4.85073582044424;1959.56029945666;1961.30588174311;-1.7455822864556;1723.59395199194;1723.3109993042;0.282952687734678;1690.23437972702;1693.14691607222;-2.91253634519944;1644.84188157282;1645.84504369361;-1.00316212078974;1573.94449331213;1578.21134477431;-4.26685146217733;1744.63944043893;1745.86384232978;-1.22440189085569;1692.77115683066;1693.82700958893;-1.05585275826866
"30";"2017_q2";1721.47127168259;1722.61198011697;-1.14070843438321;1739.78044563651;1739.71693074396;0.0635148925500744;1634.17020479429;1633.44590867432;0.724296119974269;1843.67615017161;1843.83425633155;-0.158106159939052;1615.98920192622;1616.26649078804;-0.277288861813304;1922.47217501851;1921.63374567711;0.838429341408528;1689.95985623758;1691.07500945943;-1.1151532218455;1701.66524117988;1698.68979706535;2.97544411452873;1972.36849740142;1972.25535467395;0.113142727467903;1854.14910168988;1855.31446463116;-1.16536294128355;1655.2833891382;1656.05321580547;-0.76982666726758;1562.32951482952;1564.207443368;-1.87792853847964;1472.11499249183;1471.65509329142;0.459899200405289;1981.98275042644;1981.98336954173;-0.00061911528678138;1733.43296532341;1734.20465336238;-0.77168803896825;1784.04486664003;1781.83910212388;2.20576451615329;1574.39132562153;1574.74747231928;-0.356146697755094;1641.48021921218;1642.68704402659;-1.20682481440713;1555.85316982044;1556.55408784164;-0.700918021198731;1677.53336949574;1679.25515669016;-1.7217871944149;1860.62244432319;1861.21573524555;-0.593290922362485;1733.95461086867;1738.5574847062;-4.60287383752461;1856.39445043214;1858.33778798294;-1.94333755079833;1752.73468021708;1754.59205720585;-1.85737698876983;1723.22768753277;1722.50313180334;0.724555729430904;1809.21495316119;1808.31668609325;0.898267067941561;1806.54928227125;1806.58360413967;-0.0343218684133717;1684.27389196014;1683.94168751642;0.332204443720684;1963.35677899031;1962.53207997429;0.824699016015984;1721.03228757558;1724.45817668772;-3.42588911214034;1696.14386279509;1693.98347187068;2.16039092441406;1640.41247497516;1646.90538125696;-6.49290628180074;1577.92122786242;1579.68748066817;-1.76625280574581;1747.30082214125;1747.06632703527;0.234495105978112;1692.89735920305;1695.06124764013;-2.16388843707932
"31";"2017_q3";1724.87729972899;1723.40438921104;1.47291051795378;1743.08340399291;1740.978322224;2.10508176890153;1634.06334036136;1634.35656168264;-0.293221321278679;1846.05402078686;1845.06591731108;0.988103475779781;1617.40470237839;1617.44564174195;-0.0409393635552533;1924.99187081621;1922.82210354308;2.16976727312999;1693.04453720896;1692.51061516395;0.533922045007557;1702.04141956547;1700.55881824685;1.48260131862867;1976.35408951759;1973.48137608613;2.87271343145676;1854.32992573752;1855.75170319227;-1.42177745475237;1660.31689366532;1657.21800993767;3.09888372765272;1568.06240142421;1565.72803617535;2.3343652488611;1475.25042568052;1472.79899117069;2.45143450983483;1984.51642570223;1983.32195851392;1.19446718830181;1735.11289905959;1735.25751681879;-0.144617759197899;1787.50031278471;1783.01229653056;4.48801625415217;1576.33645957288;1576.08450228712;0.251957285761364;1643.38209272269;1643.9893984841;-0.607305761407815;1559.11845628279;1558.13836816397;0.980088118816411;1682.76919784539;1680.61603171467;2.15316613071423;1863.66782437521;1862.40258568891;1.26523868629556;1750.95468109062;1739.23653351891;11.7181475717064;1859.93728029139;1858.82763809701;1.10964219438051;1755.50542326778;1755.52650929701;-0.0210860292290818;1728.20351324932;1723.55698559098;4.64652765833466;1814.60074668819;1809.92542397841;4.67532270977745;1810.53487128067;1807.83674369474;2.69812758593275;1687.04786842647;1685.4099907797;1.6378776467684;1965.19822800319;1963.7393668697;1.4588611334882;1727.14858594485;1725.58895800527;1.55962793958861;1708.23349460981;1694.72136537898;13.5121292308297;1648.42254970061;1647.95239596489;0.470153735712074;1583.01497371701;1581.13460754652;1.88036617049738;1749.41428166976;1748.24803583832;1.16624583144539;1698.2598364405;1696.28463831591;1.97519812458586
"32";"2017_q4";1724.37855435861;1724.21115897258;0.167395386022918;1742.33087639749;1742.2016767912;0.129199606290513;1635.45839595955;1635.24460373702;0.213792222529946;1846.94992353396;1846.27533395375;0.674589580217116;1619.25089419261;1618.6112130737;0.63968111891154;1922.80052148308;1923.99143698302;-1.19091549994619;1694.34337822143;1693.9231293724;0.420248849027303;1704.1716762629;1702.38301080051;1.78866546239169;1974.19036571544;1974.68516588487;-0.494800169426071;1855.20259806785;1856.20733382886;-1.00473576100671;1660.84324395373;1658.36889098411;2.47435296962749;1567.05347176645;1567.23216723831;-0.178695471858646;1473.53836256047;1473.92699205209;-0.38862949161944;1985.13510480297;1984.63865210179;0.496452701186627;1738.12840586414;1736.29069044741;1.83771541673332;1778.61403510325;1784.16868580168;-5.55465069843012;1578.91171995393;1577.40854880939;1.5031711445381;1645.95301871231;1645.28870667675;0.664312035559533;1561.08399396322;1559.7174503884;1.36654357481689;1689.85269168613;1681.95221540366;7.90047628246953;1864.04135460689;1863.5762341254;0.465120481492932;1759.66695871903;1739.77206660257;19.894892116456;1862.23977389431;1859.31308590026;2.92668799404896;1756.86088406352;1756.43172334631;0.429160717209697;1724.98085380247;1724.59527306013;0.38558074234038;1810.36649147197;1811.50714183842;-1.14065036644956;1807.65200914672;1809.08622131033;-1.43421216360821;1689.89701933795;1686.85547453917;3.04154479878866;1964.79464120186;1964.9261908165;-0.131549614637379;1728.78989553343;1726.70108211822;2.08881341521419;1696.23660675444;1695.3676048447;0.869001909738017;1654.04642631265;1648.98250083876;5.06392547388486;1587.92887769017;1582.55158564796;5.3772920422125;1750.12325931732;1749.40823290822;0.715026409101029;1697.65240940836;1697.49398443948;0.15842496887899
"33";"2018_q1";1723.15598818255;1725.02897759252;-1.87298940996516;1742.34683280306;1743.38632629501;-1.03949349194727;1635.16210645571;1636.10974013863;-0.947633682926835;1847.09326430761;1847.46140727334;-0.368142965739708;1619.72283259084;1619.76325320722;-0.0404206163764229;1924.74305266014;1925.1414692633;-0.398416603161195;1696.53926167737;1695.31250704256;1.22675463481369;1701.85430039023;1704.16555145666;-2.3112510664314;1974.45226138606;1975.86682111952;-1.41455973346388;1855.88317303039;1856.67894514509;-0.795772114699503;1655.27698917665;1659.50543420183;-4.2284450251741;1569.05920017266;1568.71992766541;0.339272507254009;1473.12332885562;1475.03909447878;-1.91576562316004;1985.58644707496;1985.93213728967;-0.345690214711567;1736.10392817377;1737.30433135641;-1.20040318263841;1784.83450633735;1785.31018646811;-0.475680130763067;1577.38371540544;1578.71891089375;-1.33519548831373;1645.9126074671;1646.58381385978;-0.671206392680915;1560.90047566787;1561.28834250288;-0.387866835012801;1677.1897408309;1683.26159334027;-6.07185250936504;1863.62585155981;1864.73650401104;-1.11065245123518;1747.88160453906;1740.15619536029;7.72540917877268;1857.76704593302;1859.79254794512;-2.02550201209874;1755.94459994371;1757.30949806483;-1.36489812111745;1720.87476621861;1725.61828018947;-4.74351397085911;1810.59344468369;1813.06267048147;-2.46922579778175;1808.65341086819;1810.3315493767;-1.67813850850575;1683.56773308003;1688.2782708784;-4.71053779837371;1965.29285169523;1966.09191199005;-0.799060294827086;1728.52874424883;1727.79326265541;0.735481593425902;1690.29303610781;1695.93764359621;-5.64460748840429;1650.54438844106;1649.992402746;0.551985695057738;1579.36728119342;1583.93845043996;-4.57116924654042;1749.24620851077;1750.54691131794;-1.30070280716313;1698.03894372928;1698.68732333292;-0.648379603637295
"34";"2018_q2";1726.99954251923;1725.85463788387;1.14490463536936;1745.6502850754;1744.53168333466;1.11860174073536;1638.56780044116;1636.95180980876;1.61599063239919;1849.06813441768;1848.62345990218;0.44467451550122;1620.97756368475;1620.90221036716;0.0753533175911798;1927.7553449431;1926.27117932809;1.4841656150063;1695.38123255511;1696.67896578771;-1.29773323260088;1707.67916617922;1705.91073486153;1.76843131768305;1977.76890550454;1977.02612958933;0.742775915211269;1856.047922566;1857.16349778529;-1.11557521929694;1660.19200105224;1660.62876131846;-0.43676026622029;1569.50242690229;1570.19129688051;-0.688869978225284;1477.24688404328;1476.1350541005;1.11182994278693;1987.72952814336;1987.20141134489;0.528116798471729;1738.0295603008;1738.29974522609;-0.27018492529487;1789.25334858005;1786.43524340404;2.81810517600593;1579.7727620525;1580.0158270298;-0.24306497730413;1646.36394385007;1647.87398048347;-1.51003663339839;1562.9128280111;1562.84890658512;0.0639214259824712;1683.1416185185;1684.54698890533;-1.40537038683647;1865.76057082431;1865.88350950219;-0.122938677882985;1755.12553945671;1740.39346550276;14.732073953953;1858.70550888756;1860.266269964;-1.56076107644321;1757.16018336369;1758.16190038911;-1.00171702541252;1727.72294223203;1726.62653394569;1.09640828633746;1816.2905161253;1814.59212780923;1.69838831606717;1812.43873501905;1811.57134390153;0.867391117518537;1690.22247624985;1689.6804128465;0.542063403355769;1968.81164761728;1967.23580834721;1.57583927006544;1726.0517784154;1728.86551875405;-2.81374033865336;1694.87614713098;1696.44747808807;-1.57133095708627;1652.48497000251;1650.98197350745;1.50299649506064;1584.24144404346;1585.29859819749;-1.0571541540246;1752.26660296004;1751.66451103193;0.602091928112941;1698.65154402494;1699.86279133387;-1.2112473089328
"35";"2018_q3";1728.85670060052;1726.68376204128;2.1729385592389;1749.04767530176;1745.63651082595;3.41116447581408;1640.90701364651;1637.77005939763;3.1369542488776;1851.77708414901;1849.76058438318;2.01649976583349;1622.27058584053;1622.02850751528;0.242078325255306;1930.07201245674;1927.3792971112;2.69271534554082;1699.24540350148;1698.0234899428;1.22191355867403;1708.85295855108;1707.62141112945;1.23154742162842;1981.5821351153;1978.16199499372;3.42014012158256;1856.1391369229;1857.6574550362;-1.51831811329316;1665.31943423424;1661.73735128351;3.58208295072427;1573.18296501236;1571.6464663528;1.53649865955504;1480.28809957044;1477.21342921344;3.07467035700529;1990.6988278445;1988.44525547833;2.2535723661706;1739.77071780983;1739.27748748478;0.493230325044806;1792.56294039043;1787.54200418358;5.02093620685491;1582.52280708375;1581.29870120997;1.22410587377772;1648.84883187199;1649.15804749409;-0.309215622106194;1567.01126335791;1564.39676229602;2.61450106189091;1688.20780685404;1685.80743057187;2.40037628216942;1868.91086320556;1867.01667059738;1.89419260817999;1757.10771614631;1740.4932511214;16.6144650249148;1862.8319639293;1860.73323175056;2.09873217873883;1759.17580917335;1758.99014419436;0.185664978991326;1733.2150688725;1727.61759659923;5.59747227327193;1821.52178166457;1816.09408845729;5.42769320728007;1816.49710061527;1812.80317205593;3.69392855933779;1693.94466431267;1691.06098940643;2.88367490624796;1970.62140000569;1968.35665843215;2.26474157353346;1732.00067578459;1729.91832922736;2.08234655722958;1693.00581981376;1696.90957689513;-3.90375708136821;1655.11507766263;1651.95142993502;3.16364772761062;1590.26913879432;1586.63256821476;3.63657057955743;1754.52131142779;1752.7606590754;1.76065235238889;1704.12163851736;1701.01811954276;3.10351897460328
"36";"2018_q4";1729.670468809;1727.51268782481;2.15778098418855;1749.64426399608;1746.70027081075;2.94399318532919;1639.08916292532;1638.56474554963;0.524417375685744;1852.75949360297;1850.87215118087;1.88734242209375;1623.89640836559;1623.14261470915;0.753793656440848;1927.94182660414;1928.46548014995;-0.523653545813659;1700.2870976529;1699.34625275951;0.940844893390931;1709.40439150508;1709.30153564432;0.102855860767704;1979.68329543978;1979.27378526705;0.409510172738919;1860.21289503202;1858.15658295004;2.05631208197565;1666.03025290771;1662.82941007131;3.2008428364004;1574.04927580607;1573.08519700773;0.964078798346009;1478.58671890026;1478.27347300752;0.313245892731857;1991.34480020046;1989.66278097392;1.6820192265368;1742.78595804065;1740.23794469522;2.54801334542867;1783.85391633177;1788.63037769656;-4.77646136478756;1585.12454495444;1582.56678551108;2.55775944335574;1653.3594722066;1650.43391206502;2.92556014157321;1569.00708289022;1565.9295692474;3.07751364282217;1695.77069976436;1687.04106845641;8.72963130795188;1869.21001504399;1868.13533045851;1.07468458548396;1740.07290948954;1740.47413385386;-0.401224364317159;1863.50699257505;1861.19143762279;2.31555495225848;1762.20026229909;1759.79481728267;2.40544501642103;1730.59824358288;1728.58971567571;2.00852790717568;1816.63345553986;1817.5681885539;-0.93473301403651;1813.54119245758;1814.02514313046;-0.483950672871288;1695.93667216781;1692.41942831078;3.51724385703483;1970.15127872883;1969.45422568859;0.697053040246601;1733.734107847;1730.95041430084;2.78369354615666;1694.80121404295;1697.33542651043;-2.53421246748508;1654.23110596585;1652.90192821343;1.3291777524189;1593.1096229918;1587.94023906464;5.16938392715497;1755.47284185304;1753.83535878101;1.63748307202877;1704.78131967788;1702.15028203042;2.63103764745097
"37";"2019_q1";1726.96641483718;1728.3391110811;-1.37269624391706;1748.17844434145;1747.72455730874;0.453887032716011;1637.94160800499;1639.33808550556;-1.3964775005627;1852.3913009191;1851.95879107212;0.432509846985567;1624.62014787886;1624.24515330532;0.374994573544882;1929.76614581097;1929.53106892874;0.235076882228896;1702.39473148668;1700.64819118548;1.74654030119859;1708.4193454538;1710.95583350715;-2.53648805334569;1979.85172568501;1980.36300593124;-0.511280246234037;1861.19839563144;1858.65569863023;2.54269700120699;1660.47570411172;1663.90538245803;-3.42967834631349;1575.57710382249;1574.50821008239;1.06889374010802;1478.06509569994;1479.31636034166;-1.25126464171831;1991.64709707963;1990.85450759829;0.792589481336108;1740.566237406;1741.1818116891;-0.615574283105616;1789.91390479648;1789.70341091795;0.210493878524176;1583.52048143164;1583.82009707612;-0.299615644485357;1652.84822247627;1651.69927810988;1.14894436639293;1568.3154402512;1567.44662111423;0.868819136975389;1683.56843965013;1688.24755291063;-4.67911326050694;1868.79895333149;1869.24001611782;-0.441062786324665;1727.1318325777;1740.36507937843;-13.2332468007276;1860.59920403509;1861.64020360628;-1.04099957119047;1760.61995660274;1760.57662349671;0.0433331060332875;1724.91821942759;1729.54463712092;-4.6264176933239;1816.93211688809;1819.01745653559;-2.08533964750018;1814.18311520906;1815.237675121;-1.05455991193799;1689.74344221582;1693.75695960897;-4.01351739314691;1970.54828759928;1970.52968902371;0.0185985755747424;1733.56560918264;1731.96179566658;1.60381351605633;1692.27119344089;1697.73407357882;-5.46288013793696;1650.28180556372;1653.83660180723;-3.55479624351324;1584.51949698829;1589.22376217659;-4.70426518830959;1753.94904543306;1754.88971388914;-0.9406684560754;1705.27694445907;1703.25819256707;2.01875189200518
"38";"2019_q2";1730.64253523577;1729.16207626991;1.48045896585722;1751.18585941567;1748.71280433533;2.4730550803381;1641.97452145111;1640.09262426705;1.88189718406193;1854.28629716251;1853.0223144228;1.26398273970699;1625.8628674235;1625.33721578134;0.525651642163666;1933.16517869386;1930.57707664851;2.58810204535143;1702.77162263164;1701.93083019642;0.840792435227513;1713.95870357129;1712.5890941039;1.36960946739055;1983.30348673216;1981.43141845211;1.87206828005355;1861.33502546822;1859.15090437524;2.18412109297788;1666.56016238836;1664.96771374662;1.5924486417407;1575.97661001981;1575.91682936314;0.0597806566702275;1482.17485329525;1480.34346185342;1.83139144182474;1993.29533752051;1992.02200638011;1.2733311404063;1742.65577509001;1742.11137580646;0.544399283548728;1794.71479262808;1790.76116553437;3.95362709370897;1585.66070530529;1585.06025164774;0.600453657557409;1653.93574182743;1652.95367801737;0.982063810062527;1570.1355440458;1568.94913501751;1.1864090282927;1688.49020582151;1689.43199030582;-0.9417844843083;1870.87984457539;1870.33192628544;0.547918289952122;1727.706176431;1740.19480260817;-12.4886261771626;1861.46199883121;1862.08029294848;-0.618294117263304;1761.71279345263;1761.33777008231;0.375023370328563;1731.83436028268;1730.48536221059;1.3489980720874;1823.48927442615;1820.44433663075;3.04493779539325;1818.09073606615;1816.44088355431;1.64985251184657;1696.33158270249;1695.07701162781;1.25457107468083;1974.35215167821;1971.58466300287;2.76748867534093;1730.99668372924;1732.95423482516;-1.95755109592278;1697.66116144733;1698.11298086235;-0.451819415018917;1651.98069135295;1654.75941491707;-2.77872356411308;1588.87080962397;1590.48851984505;-1.6177102210786;1757.1759592374;1755.92585156709;1.25010767030585;1705.20554403925;1704.34240932142;0.863134717825233
"39";"2019_q3";1732.55149643428;1729.97976991584;2.57172651843962;1754.2533336884;1749.66872958534;4.58460410305383;1643.91598213681;1640.83003403732;3.08594809948158;1857.04544315669;1854.06480191745;2.98064123923086;1627.09941325411;1626.4201289864;0.679284267702769;1935.57404977641;1931.60466343326;3.96938634315575;1704.42069131827;1703.19678635572;1.22390496255525;1714.74609287059;1714.20452151549;0.541571355106271;1986.76217414699;1982.48046474529;4.28170940170071;1862.80635835808;1859.63989166914;3.16646668894145;1669.11280900475;1666.01670569106;3.09610331369231;1578.6982955583;1577.31304669493;1.38524886336791;1485.18528260562;1481.35536613999;3.82991646562959;1996.5962118604;1993.16734371644;3.42886814395683;1743.99358988449;1743.0285396534;0.965050231084206;1797.59600555751;1791.80383479111;5.79217076639998;1587.62988509892;1586.28867770878;1.34120739013269;1655.17714238527;1654.19736226642;0.979780118853341;1571.05123475576;1570.43887109021;0.612363665552039;1693.27239160663;1690.59656256744;2.67582903919629;1873.8939977612;1871.41198400726;2.48201375394842;1740.72190621394;1739.98374767688;0.738158537060372;1865.53967592551;1862.5118182721;3.02785765340877;1763.95132009663;1762.08049136847;1.87082872816427;1736.86964078437;1731.4120007094;5.45764007497701;1828.48275903541;1821.84996973049;6.63278930492106;1822.00349455317;1817.63422485716;4.36926969601723;1699.94059667712;1696.38050424576;3.56009243135395;1975.63564107225;1972.62077381553;3.01486725671657;1736.83251228597;1733.93049566059;2.9020166253863;1699.07435635242;1698.47619682299;0.598159529431086;1658.02999827252;1655.67210999593;2.35788827659144;1594.82927792574;1591.73695419869;3.09232372705765;1759.55635890625;1756.94531106438;2.61104784186637;1709.95691939956;1705.40475218215;4.55216721741203
"40";"2019_q4";1734.74619603385;1730.79130383037;3.95489220347577;1754.98630544869;1750.59759641301;4.38870903568272;1643.00582430531;1641.55316320533;1.45266109997851;1858.52699435114;1855.08912422983;3.43787012131793;1628.57672948925;1627.49554830196;1.08118118729089;1933.17722592939;1932.61660697074;0.560618958649002;1706.13328060727;1704.44920172204;1.68407888522574;1718.47274835334;1715.80617582873;2.66657252460277;1985.07585474538;1983.51275676909;1.56309797629046;1862.59048511553;1860.12171707172;2.46876804381554;1671.24316879357;1667.05365532573;4.18951346784183;1580.30499079582;1578.69889128561;1.6060995102082;1483.43249173315;1482.35380641819;1.07868531495683;1997.13489848854;1994.29338183634;2.84151665220429;1746.40856973407;1743.93554608559;2.47302364848611;1788.79708012829;1792.83408295038;-4.03700282208956;1589.76279413842;1587.50717902567;2.2556151127576;1659.19393669989;1655.43119512585;3.76274157403259;1574.24600234065;1571.91833097093;2.3276713697162;1701.07998781491;1691.74286300567;9.33712480924419;1874.28912357822;1872.48145477808;1.80766880013698;1736.04352818648;1739.74455332703;-3.70102514055407;1866.37537294244;1862.93450576602;3.44086717641494;1767.27223348507;1762.80725607382;4.46497741125359;1734.38914361733;1732.32550550582;2.06363811151527;1822.88595718729;1823.23739981204;-0.351442624745232;1819.07192017245;1818.81818661416;0.253733558286967;1702.57708466564;1697.66914144819;4.90794321744875;1974.18102686402;1973.64137733157;0.53964953244872;1738.37163646575;1734.89211858744;3.47951787831039;1700.5684525149;1698.82748753558;1.74096497932169;1662.19052446448;1656.57469279458;5.61583166989976;1599.05242213886;1592.9704962973;6.08192584156222;1760.50937477474;1757.95041294782;2.55896182691527;1710.75036152513;1706.44758049712;4.3027810280123
"41";"2020_q1";1730.09130843268;1731.59739715402;-1.50608872133876;1747.00567857789;1751.50753355014;-4.50185497224743;1639.28031904992;1642.26678887757;-2.98646982765217;1855.56740863449;1856.10001493444;-0.532606299952704;1628.40973071667;1628.56555366213;-0.155822945454247;1932.28506318964;1933.6181658152;-1.33310262555733;1705.23549779468;1705.69198329467;-0.456485499986911;1712.98913705696;1717.39845561257;-4.40931855560825;1982.83168947011;1984.53358255022;-1.70189308010731;1862.14801925527;1860.59741618442;1.5506030708591;1663.45638846163;1668.08179474959;-4.62540628796478;1579.56550059002;1580.07725812358;-0.511757533557784;1482.91876217793;1483.34290960265;-0.424147424717148;1996.57553515563;1995.40512601144;1.17040914418817;1742.48019956419;1744.83524111507;-2.35504155087847;1791.64098499316;1793.85819438115;-2.21720938798853;1587.40505716777;1588.7183976194;-1.31334045163294;1657.80556280403;1656.65665322706;1.14890957697799;1571.33200715706;1573.39039902557;-2.05839186850812;1687.75944916754;1692.87415732384;-5.11470815629923;1873.34652296245;1873.54315535133;-0.196632388880062;1729.0350002809;1739.49031965014;-10.4553193692334;1862.8394875623;1863.34997403018;-0.5104864678799;1762.65994111402;1763.52170218492;-0.861761070898183;1729.17010323501;1733.23024051336;-4.06013727835034;1819.93207208308;1824.61381634594;-4.68174426285827;1819.04757823364;1819.99598720349;-0.948408969841694;1694.04022359777;1698.94685227824;-4.90662868046775;1973.23131205051;1974.6517137129;-1.42040166239462;1736.20403589156;1735.84245778068;0.361578110881737;1694.89782205162;1699.17099292466;-4.27317087303595;1655.31535924442;1657.46864274395;-2.15328349953438;1589.7102080528;1594.19250990302;-4.48230185022817;1757.82750398638;1758.94510968912;-1.11760570273759;1705.11243848404;1707.4760987187;-2.36366023466644
"42";"2020_q2";1728.80181249554;1732.40124083496;-3.59942833941864;1739.51658772469;1752.40941267168;-12.8928249469818;1636.86703438135;1642.97659607376;-6.10956169240512;1846.62537321756;1857.10435627464;-10.4789830570817;1625.37964790301;1629.63290073927;-4.25325283626239;1926.97374580063;1934.61494890772;-7.64120310708518;1699.45129840863;1706.93009062216;-7.47879221352741;1713.69246179206;1718.98742604374;-5.29496425168873;1977.22715944738;1985.54920705159;-8.32204760421132;1855.39323415129;1861.06956758872;-5.676333437425;1664.37150900156;1669.10697450751;-4.73546550595256;1575.72572260345;1581.45204600942;-5.7263234059626;1477.06987550296;1484.32747678631;-7.25760128334377;1984.48899704966;1996.50935746128;-12.0203604116211;1741.0604150086;1745.73201639369;-4.67160138509576;1791.07915221252;1794.87993032559;-3.80077811307183;1584.7568769794;1589.92638527046;-5.16950829105235;1650.60330354137;1657.8775649149;-7.27426137352745;1569.97514948085;1574.85941441462;-4.88426493376437;1684.55200495558;1693.99954692827;-9.44754197269049;1868.48319040474;1874.60103227341;-6.11784186866953;1732.42803165147;1739.23183359703;-6.80380194556096;1858.24185162363;1863.76199220647;-5.52014058284317;1754.80626344155;1764.23025829924;-9.42399485769306;1729.14609695904;1734.13185941937;-4.98576246032917;1819.51622316496;1825.98618915109;-6.46996598612964;1816.71627392937;1821.17100358678;-4.45472965740805;1693.93284967994;1700.22063324356;-6.28778356362182;1968.1538534677;1975.6573604024;-7.50350693469386;1727.5792661739;1736.78704211396;-9.20777594006017;1695.42026764524;1699.51194101788;-4.0916733726358;1652.52931150044;1658.35894916978;-5.8296376693429;1588.42851659049;1595.41015998163;-6.98164339113578;1752.16964224942;1759.93495311113;-7.76531086170849;1698.23195594538;1708.49820053742;-10.2662445920405
