ID;Prov;18-Mar;19-Mar;20-Mar;21-Mar;22-Mar;23-Mar;24-Mar;25-Mar;26-Mar;27-Mar;28-Mar;29-Mar;30-Mar;31-Mar;01-Apr;02-Apr;03-Apr;04-Apr;05-Apr;06-Apr;07-Apr;08-Apr;09-Apr;10-Apr;11-Apr;12-Apr;13-Apr;14-Apr;15-Apr;16-Apr;17-Apr;18-Apr;19-Apr;20-Apr;21-Apr;22-Apr;23-Apr;24-Apr;25-Apr;26-Apr;27-Apr;28-Apr;29-Apr;30-Apr;01-May;02-May;03-May;04-May;05-May;06-May;07-May;08-May;09-May;10-May;11-May;12-May;13-May;14-May;15-May;16-May;17-May;18-May;19-May;20-May;21-May;22-May;23-May;24-May;25-May;26-May;27-May;28-May;29-May;30-May;31-May;01-Jun;02-Jun;03-Jun;04-Jun;05-Jun;06-Jun;07-Jun;08-Jun;09-Jun;10-Jun;11-Jun;12-Jun;13-Jun;14-Jun;15-Jun;16-Jun;17-Jun;18-Jun;19-Jun;poptot;pop100000;
1;Aceh;0;0;0;0;0;0;0;0;1;4;4;5;5;5;5;5;5;5;5;5;5;6;6;5;5;5;5;5;5;5;5;6;7;7;7;7;7;8;9;9;9;9;9;10;11;11;12;12;12;17;17;17;17;17;17;17;17;17;17;18;18;18;18;18;18;19;19;19;19;19;19;20;20;20;20;20;20;20;20;20;20;20;20;20;22;22;22;22;27;27;27;37;38;38;5,459,900 ;54.599;
2;Bali;1;1;4;3;3;6;6;9;9;9;9;10;19;19;25;25;27;32;35;43;43;49;63;75;79;81;86;92;98;113;124;131;135;140;150;152;167;177;183;186;194;215;215;222;235;237;262;271;277;277;287;300;306;311;314;328;332;337;343;346;348;359;363;371;374;380;388;394;396;407;415;420;443;455;465;482;487;490;510;524;557;582;594;608;640;659;695;723;741;760;782;829;895;976;4,380,800 ;43.808;
3;Bangka Belitung;0;0;0;0;0;0;0;0;0;0;0;0;1;2;2;2;2;2;2;2;2;2;3;3;4;4;4;4;5;6;6;6;7;7;8;8;9;9;9;10;10;10;10;10;19;19;20;20;28;28;28;28;28;29;29;29;29;29;29;29;29;29;29;35;36;36;39;39;39;39;42;42;42;45;46;46;50;62;72;81;98;102;102;121;123;126;132;136;144;144;145;147;147;147;1,517,600 ;15.176;
4;Banten;17;27;37;43;47;56;65;67;67;84;103;106;128;142;152;164;170;173;177;187;194;212;218;243;279;281;285;280;281;297;311;321;324;341;341;337;337;359;370;370;382;388;388;404;418;427;432;446;458;487;495;505;523;533;541;559;580;593;622;626;650;677;698;699;753;768;768;789;789;807;817;831;845;858;861;867;883;954;965;989;1025;1035;1047;1061;1096;1121;1157;1231;1240;1243;1277;1309;1327;1331;13,160,500 ;131.605;
5;Bengkulu;0;0;0;0;0;0;0;0;0;0;0;0;0;1;1;1;2;2;2;2;2;2;4;4;4;4;4;4;4;4;4;4;4;4;8;8;8;8;8;8;8;8;12;12;12;12;12;12;12;14;14;14;37;37;37;40;40;42;53;56;65;66;67;67;69;69;69;69;69;69;69;71;72;86;91;91;92;92;92;92;92;92;92;92;92;92;95;98;101;101;104;105;105;107;2,019,800 ;20.198;
6;Gorontalo;0;0;0;0;0;0;0;0;0;0;0;0;0;0;0;0;0;0;0;0;0;0;0;1;1;1;1;1;1;4;4;4;4;4;7;7;7;12;14;15;14;15;15;15;15;15;15;15;15;15;19;19;19;19;19;19;19;21;22;23;24;28;28;28;44;47;49;58;58;58;60;65;68;69;94;94;108;118;121;121;126;134;134;139;145;149;181;185;185;208;214;214;214;220;1,219,600 ;12.196;
7;West Papua;0;0;0;0;0;0;0;0;0;2;2;2;2;2;2;2;2;2;2;2;2;2;2;2;2;3;2;2;2;5;5;5;7;7;7;8;13;15;16;16;16;37;37;37;42;43;43;43;49;53;53;53;53;70;70;70;70;88;88;102;105;105;105;106;110;119;129;130;130;132;132;152;158;162;168;168;172;172;173;175;178;179;179;183;191;195;200;205;208;209;212;214;219;222;981,800 ;9.818;
8;Jakarta;158;210;215;267;307;353;424;463;515;598;627;675;698;747;808;897;971;1028;1124;1232;1369;1470;1706;1753;1948;2044;2186;2335;2474;2670;2815;2924;3032;3097;3260;3383;3517;3599;3684;3798;3869;4002;4092;4175;4317;4397;4463;4539;4687;4770;4855;4955;5056;5190;5276;5375;5554;5688;5774;5881;6010;6059;6155;6236;6301;6400;6515;6634;6709;6798;6895;7001;7128;7229;7348;7485;7541;7623;7690;7766;7870;8033;8121;8355;8503;8650;8740;8861;8978;9120;9222;9349;9516;9655;10,645,000 ;106.45;
9;Jambi;0;0;0;0;0;1;1;1;1;1;1;1;2;2;2;2;2;2;2;2;2;2;2;2;4;4;4;5;6;7;8;8;8;8;13;13;14;18;21;32;32;32;32;32;32;32;38;38;43;47;47;47;62;64;65;65;65;66;69;79;80;81;84;89;89;91;91;95;97;97;97;97;97;97;97;97;97;97;99;101;103;103;103;103;105;105;106;108;108;108;108;109;109;112;3,677,900 ;36.779;
10;West Java;24;26;41;55;59;59;60;73;78;98;119;149;180;198;220;223;225;247;252;263;343;365;376;388;421;450;540;530;559;570;632;641;696;747;756;762;784;862;907;912;951;969;1009;1012;1012;1043;1054;1252;1300;1320;1381;1404;1437;1437;1493;1545;1556;1565;1596;1618;1652;1677;1700;1876;1962;2002;2045;2091;2113;2130;2157;2181;2211;2231;2260;2294;2314;2319;2354;2366;2376;2404;2424;2448;2506;2551;2572;2587;2604;2623;2662;2703;2758;2805;49,935,700 ;499.357;
11;Central Java;8;12;12;14;15;15;19;38;40;43;55;63;81;93;104;104;114;120;120;132;133;140;144;144;144;200;203;278;292;300;304;329;349;351;449;479;538;575;621;649;666;682;711;724;746;767;776;798;849;891;904;933;959;978;980;989;1023;1066;1109;1140;1157;1165;1175;1192;1217;1234;1288;1309;1311;1315;1326;1336;1350;1366;1403;1417;1432;1455;1479;1537;1564;1615;1642;1674;1813;1832;1876;1946;2059;2175;2231;2346;2391;2471;34,940,100 ;349.401;
12;East Java;8;9;15;26;41;41;51;51;59;66;77;90;91;93;104;104;155;152;188;189;194;196;223;256;267;386;440;475;499;514;522;555;590;590;603;638;664;690;770;785;796;857;872;958;1034;1037;1117;1124;1171;1221;1267;1284;1419;1502;1536;1669;1772;1863;1921;2105;2152;2296;2377;2496;2998;3129;3595;3663;3886;3943;4142;4313;4414;4613;4857;4922;5135;5318;5408;5549;5835;5948;6313;6533;6806;7103;7421;7597;7793;8063;8308;8533;8917;9057;39,886,300 ;398.863;
13;West Kalimantan;2;2;2;2;2;2;3;3;3;3;3;8;9;9;10;10;10;10;10;12;10;10;10;10;10;13;13;13;13;21;21;21;21;21;27;31;50;50;51;51;51;51;58;58;61;68;70;73;73;90;95;95;118;120;120;123;129;129;129;131;132;132;132;132;133;140;168;168;175;176;183;184;184;184;189;196;196;202;202;205;210;210;210;234;245;245;267;267;268;268;270;282;282;296;5,134,800 ;51.348;
14;South Kalimantan;0;0;0;0;1;1;1;2;1;1;1;1;5;8;8;8;8;8;16;18;18;22;22;29;29;34;34;37;49;59;74;92;96;96;98;107;114;132;146;146;150;150;157;170;179;179;195;198;212;225;238;246;253;263;263;277;291;294;363;370;372;438;484;547;557;572;590;599;602;630;703;819;893;893;919;948;969;1,033;1,142;1,213;1,247;1,285;1,347;1,438;1,565;1,634;1,694;1,817;1,887;1,953;2,122;2,208;2,326;2,392;4,304,000 ;43.04;
15;Central Kalimantan;0;0;2;2;2;2;3;3;6;6;7;7;7;9;9;9;12;11;11;20;20;20;20;24;24;24;25;25;33;34;35;41;46;60;67;82;83;94;100;104;112;121;127;145;156;157;157;180;181;186;188;188;189;193;200;204;220;223;227;227;227;227;232;241;254;290;292;308;310;322;330;337;367;398;410;419;428;456;469;484;496;496;504;522;537;552;565;586;586;631;657;702;738;738;2,769,200 ;27.692;
16;East Kalimantan;1;3;10;9;9;11;11;11;11;11;17;17;17;20;21;21;22;24;30;31;31;32;32;35;35;35;35;35;35;44;44;54;59;63;68;69;74;85;97;105;107;115;119;134;136;154;162;167;168;182;182;209;214;218;225;228;230;238;251;253;254;255;258;264;266;271;274;276;276;277;380;281;285;291;295;297;298;310;316;317;327;329;338;351;362;365;373;376;378;382;392;397;405;417;3,793,700 ;37.937;
17;North Kalimantan;0;0;0;0;0;0;0;0;0;0;2;2;2;2;2;2;8;8;8;15;15;16;16;16;16;16;16;16;20;28;47;50;69;74;77;77;77;77;83;89;90;92;92;100;115;122;122;130;131;131;131;131;131;131;132;132;138;138;141;153;155;155;160;160;162;163;163;164;164;164;165;165;165;165;165;165;165;165;165;167;168;169;169;170;170;170;170;170;170;170;171;171;171;173;768,000 ;7.68;
18;Riau Islands;1;3;4;4;4;5;5;5;5;5;5;5;6;7;7;7;8;8;9;9;9;9;22;21;21;21;21;26;32;38;58;79;79;79;81;81;83;83;83;85;86;89;89;89;89;89;92;92;97;98;98;100;101;101;104;106;111;111;115;116;116;127;140;140;140;141;150;154;154;154;162;175;178;196;197;197;209;209;219;223;227;228;228;228;228;238;238;239;239;254;254;263;263;263;2,242,200 ;22.422;
19;Lampung;1;1;1;1;1;1;1;1;3;4;4;4;8;8;8;8;12;11;11;12;12;15;15;20;20;20;21;21;20;25;26;26;26;26;27;27;38;38;38;42;42;44;46;46;50;50;50;54;55;63;63;66;66;66;66;66;66;66;66;66;67;83;84;85;101;105;105;109;116;116;118;118;131;132;133;135;136;136;140;141;143;144;145;148;150;152;153;165;166;166;166;169;171;172;8,521,200 ;85.212;
20;North Maluku;0;0;0;0;0;1;1;1;1;1;1;1;1;1;1;1;1;1;1;1;1;2;2;2;2;2;2;2;4;4;4;4;4;4;4;12;14;14;14;26;26;26;26;40;41;41;50;50;50;50;50;50;54;54;54;54;78;81;85;88;92;93;95;96;97;99;99;100;107;118;119;128;139;146;153;160;174;176;177;178;185;186;186;190;227;263;285;302;310;312;312;322;343;383;1,278,800 ;12.788;
21;Maluku;0;0;0;0;1;1;1;1;1;1;1;1;1;1;1;1;1;1;1;1;1;3;3;3;3;11;11;11;14;14;14;17;17;17;17;17;17;17;22;22;22;22;23;23;23;23;23;23;23;23;23;32;32;32;32;50;50;62;62;62;84;107;107;124;135;157;157;159;160;160;170;188;215;215;223;223;223;238;238;254;261;269;307;315;328;328;387;400;421;452;496;520;537;544;1,831,900 ;18.319;
22;West Nusa Tenggara;0;0;0;0;0;0;1;2;2;2;2;2;2;4;6;6;7;7;7;10;10;10;16;25;27;37;37;37;37;45;51;55;61;72;93;108;115;153;180;195;206;221;230;230;233;250;269;269;285;289;300;312;330;330;331;339;344;350;358;365;371;375;375;393;410;464;474;478;478;488;537;562;590;594;636;652;670;685;705;757;798;808;822;830;857;868;891;904;915;937;957;978;1008;1022;5,125,600 ;51.256;
23;East Nusa Tenggara;0;0;0;0;0;0;0;0;0;0;0;0;0;0;0;0;0;0;0;0;0;0;1;1;1;1;1;1;1;1;1;1;1;1;1;1;1;1;1;1;1;1;1;3;3;3;10;10;12;12;12;12;12;12;12;16;19;19;19;47;59;68;71;76;79;79;79;79;82;85;85;85;90;91;92;97;97;97;97;97;97;97;103;103;105;105;105;105;108;108;108;108;108;108;5,541,400 ;55.414;
24;Papua;0;0;0;0;2;2;3;3;7;7;7;9;9;10;10;10;16;18;26;26;26;38;38;38;62;63;68;68;75;80;89;95;107;107;118;123;130;136;136;141;151;177;189;205;210;240;240;240;247;248;252;265;277;308;308;322;328;332;335;350;383;383;389;409;410;437;494;556;567;567;581;584;640;658;675;725;819;858;875;918;1005;1064;1090;1108;1137;1156;1197;1237;1249;1249;1281;1311;1350;1368;3,435,400 ;34.354;
25;Riau;1;2;1;1;1;1;2;1;2;1;1;2;3;3;3;7;10;10;11;12;12;12;12;13;16;16;20;20;20;24;26;30;30;34;35;35;36;36;38;39;39;40;41;41;42;45;53;58;61;61;66;69;71;73;74;81;88;94;95;95;99;101;106;107;108;109;110;111;111;111;111;111;117;117;117;117;117;117;117;117;118;118;118;120;120;120;120;125;125;126;126;128;134;142;7,128,300 ;71.283;
26;West Sulawesi;0;0;0;0;0;0;0;0;0;0;0;1;1;1;1;1;1;1;2;2;2;2;2;3;5;5;5;5;7;7;7;7;7;7;7;8;8;33;35;35;35;37;38;42;43;44;44;44;58;58;58;60;62;62;62;68;73;74;74;75;75;75;77;78;86;86;86;86;86;87;88;88;88;88;92;92;92;92;92;92;92;94;94;94;95;96;97;97;98;98;98;99;104;104;1,405,000 ;14.05;
27;South Sulawesi;0;2;2;2;2;2;4;13;27;29;33;47;50;50;66;66;82;82;83;113;127;127;138;167;178;222;223;231;242;271;332;343;370;370;374;387;397;420;432;440;440;453;465;491;547;577;601;607;640;665;684;708;710;722;722;747;803;840;871;917;951;1017;1064;1101;1135;1206;1264;1296;1319;1352;1381;1427;1468;1510;1541;1586;1630;1668;1722;1776;1840;1904;2014;2194;2383;2524;2582;2707;2840;2941;3116;3200;3366;3573;8,928,000 ;89.28;
28;Central Sulawesi;0;0;0;0;0;0;0;0;1;1;2;2;3;3;2;2;4;4;4;4;5;5;5;14;19;19;19;19;22;22;24;24;27;27;27;29;29;32;36;36;36;42;47;47;48;59;59;59;70;70;75;75;75;83;83;95;101;111;112;113;115;115;115;115;117;117;121;121;121;121;121;126;126;126;128;128;128;129;129;136;139;159;159;159;159;159;159;168;170;171;172;172;172;173;3,097,000 ;30.97;
29;Southeast Sulawesi;0;3;3;3;3;3;3;3;3;3;3;3;3;3;3;3;6;5;6;7;7;11;15;15;16;16;16;16;24;26;27;28;37;37;37;37;37;41;41;45;45;45;53;62;62;64;64;64;69;69;69;70;71;76;76;76;167;166;183;189;191;191;202;202;202;211;215;215;215;215;226;240;241;241;244;244;244;251;252;257;257;259;259;263;266;272;277;279;283;286;291;292;326;329;2,755,600 ;27.556;
30;North Sulawesi;1;1;1;1;1;1;2;2;2;2;2;2;2;2;3;3;3;3;3;5;8;8;8;13;13;17;17;17;18;18;18;20;20;20;20;20;31;36;36;40;40;43;44;45;45;45;45;45;45;45;45;47;53;71;71;74;82;83;105;114;114;116;126;152;180;198;201;230;239;265;281;297;306;322;339;339;354;377;382;391;470;495;510;551;546;579;644;651;658;676;701;736;761;784;2,528,800 ;25.288;
31;West Sumatera;0;0;0;0;0;0;0;0;3;5;5;5;8;8;8;8;8;8;8;18;18;18;18;31;31;44;45;48;55;55;62;71;72;74;76;81;86;96;97;102;121;144;145;148;172;182;195;203;221;238;252;270;286;299;299;319;339;371;393;396;408;409;420;428;436;438;443;478;478;513;537;541;541;552;567;567;574;583;594;607;618;626;626;645;659;661;671;674;681;681;687;691;696;700;5,498,800 ;54.988;
32;South Sumatera;0;0;0;0;0;0;1;1;1;1;2;2;2;5;5;11;12;12;16;16;16;16;17;21;21;21;18;19;22;37;54;84;89;89;89;89;93;106;119;129;129;143;144;150;156;156;185;185;199;210;227;227;278;278;278;279;322;441;458;458;521;537;597;646;674;693;725;736;812;868;921;942;953;963;982;995;1019;1029;1056;1074;1104;1129;1158;1188;1229;1271;1304;1326;1396;1448;1498;1541;1596;1680;8,567,900 ;85.679;
33;North Sumatera;1;2;2;2;2;2;7;7;8;8;8;8;13;19;22;22;22;25;25;26;26;59;59;59;59;65;67;72;78;79;79;79;81;83;84;93;95;96;105;111;111;111;114;117;117;117;123;129;130;141;142;157;179;179;196;198;200;202;202;202;218;225;235;250;273;285;294;311;315;315;332;362;400;406;409;417;418;444;488;537;605;605;607;618;635;680;768;862;872;932;957;970;993;1024;14,703,500 ;147.035;
34;Yogyakarta;3;5;4;5;5;5;6;17;16;22;22;22;18;23;28;27;27;33;34;40;41;41;41;41;41;41;57;62;62;62;64;67;67;69;72;75;76;77;79;82;83;93;94;95;104;114;115;115;121;122;137;143;146;153;159;169;181;185;188;194;199;200;207;209;215;220;225;226;226;226;228;228;230;233;236;237;237;237;237;238;242;244;247;249;250;252;262;264;269;272;273;276;276;277;3,882,300 ;38.823;
;;;;;;;;;;;;;;;;;;;;;;;;;;;;;;;;;;;;;;;;;;;;;;;;;;;;;;;;;;;;;;;;;;;;;;;;;;;;;;;;;;;;;;;;;;;;;;;;;;
ID;Prov;18-Mar;19-Mar;20-Mar;21-Mar;22-Mar;23-Mar;24-Mar;25-Mar;26-Mar;27-Mar;28-Mar;29-Mar;30-Mar;31-Mar;01-Apr;02-Apr;03-Apr;04-Apr;05-Apr;06-Apr;07-Apr;08-Apr;09-Apr;10-Apr;11-Apr;12-Apr;13-Apr;14-Apr;15-Apr;16-Apr;17-Apr;18-Apr;19-Apr;20-Apr;21-Apr;22-Apr;23-Apr;24-Apr;25-Apr;26-Apr;27-Apr;28-Apr;29-Apr;30-Apr;01-May;02-May;03-May;04-May;05-May;06-May;07-May;08-May;09-May;10-May;11-May;12-May;13-May;14-May;15-May;16-May;17-May;18-May;19-May;20-May;21-May;22-May;23-May;24-May;25-May;26-May;27-May;28-May;29-May;30-May;31-May;01-Jun;02-Jun;03-Jun;04-Jun;05-Jun;06-Jun;07-Jun;08-Jun;09-Jun;10-Jun;11-Jun;12-Jun;13-Jun;14-Jun;15-Jun;16-Jun;17-Jun;18-Jun;19-Jun;;;
1;Aceh;0;0;0;0;0;0;0;0;0.018315354;0.073261415;0.073261415;0.091576769;0.091576769;0.091576769;0.091576769;0.091576769;0.091576769;0.091576769;0.091576769;0.091576769;0.091576769;0.109892123;0.109892123;0.091576769;0.091576769;0.091576769;0.091576769;0.091576769;0.091576769;0.091576769;0.091576769;0.109892123;0.128207476;0.128207476;0.128207476;0.128207476;0.128207476;0.14652283;0.164838184;0.164838184;0.164838184;0.164838184;0.164838184;0.183153538;0.201468891;0.201468891;0.219784245;0.219784245;0.219784245;0.311361014;0.311361014;0.311361014;0.311361014;0.311361014;0.311361014;0.311361014;0.311361014;0.311361014;0.311361014;0.329676368;0.329676368;0.329676368;0.329676368;0.329676368;0.329676368;0.347991721;0.347991721;0.347991721;0.347991721;0.347991721;0.347991721;0.366307075;0.366307075;0.366307075;0.366307075;0.366307075;0.366307075;0.366307075;0.366307075;0.366307075;0.366307075;0.366307075;0.366307075;0.366307075;0.402937783;0.402937783;0.402937783;0.402937783;0.494514552;0.494514552;0.494514552;0.677668089;0.695983443;0.695983443;;;
2;Bali;0.022826881;0.022826881;0.091307524;0.068480643;0.068480643;0.136961286;0.136961286;0.205441928;0.205441928;0.205441928;0.205441928;0.228268809;0.433710738;0.433710738;0.570672023;0.570672023;0.616325785;0.73046019;0.798940833;0.98155588;0.98155588;1.118517166;1.438093499;1.71201607;1.803323594;1.848977356;1.96311176;2.100073046;2.237034332;2.579437546;2.830533236;2.990321402;3.081628926;3.195763331;3.42403214;3.469685902;3.812089116;4.040357925;4.177319211;4.245799854;4.428414901;4.907779401;4.907779401;5.067567568;5.36431702;5.409970782;5.980642805;6.186084733;6.323046019;6.323046019;6.551314828;6.84806428;6.985025566;7.099159971;7.167640614;7.487216947;7.57852447;7.692658875;7.829620161;7.898100804;7.943754565;8.194850256;8.286157779;8.468772827;8.53725347;8.674214755;8.856829803;8.993791088;9.03944485;9.290540541;9.473155588;9.587289993;10.11230825;10.38623083;10.61449963;11.00255661;11.11669102;11.18517166;11.64170928;11.96128561;12.71457268;13.2852447;13.55916728;13.87874361;14.6092038;15.04291454;15.86468225;16.50383492;16.91471877;17.34842951;17.85062089;18.9234843;20.43005844;22.27903579;;;
3;Bangka Belitung;0;0;0;0;0;0;0;0;0;0;0;0;0.065893516;0.131787032;0.131787032;0.131787032;0.131787032;0.131787032;0.131787032;0.131787032;0.131787032;0.131787032;0.197680548;0.197680548;0.263574064;0.263574064;0.263574064;0.263574064;0.32946758;0.395361096;0.395361096;0.395361096;0.461254613;0.461254613;0.527148129;0.527148129;0.593041645;0.593041645;0.593041645;0.658935161;0.658935161;0.658935161;0.658935161;0.658935161;1.251976805;1.251976805;1.317870322;1.317870322;1.84501845;1.84501845;1.84501845;1.84501845;1.84501845;1.910911966;1.910911966;1.910911966;1.910911966;1.910911966;1.910911966;1.910911966;1.910911966;1.910911966;1.910911966;2.306273063;2.372166579;2.372166579;2.569847127;2.569847127;2.569847127;2.569847127;2.767527675;2.767527675;2.767527675;2.965208224;3.03110174;3.03110174;3.294675804;4.085397997;4.744333158;5.337374802;6.457564576;6.72113864;6.72113864;7.973115445;8.104902478;8.302583026;8.697944122;8.961518187;9.488666315;9.488666315;9.554559831;9.686346863;9.686346863;9.686346863;;;
4;Banten;0.129174423;0.205159378;0.281144333;0.326735306;0.357129288;0.425515748;0.493902207;0.509099198;0.509099198;0.638273622;0.782645036;0.805440523;0.972607424;1.078986361;1.154971316;1.246153262;1.291744235;1.314539721;1.344933703;1.420918658;1.474108127;1.610881046;1.656472019;1.846434406;2.119980244;2.135177235;2.165571217;2.127578739;2.135177235;2.256753163;2.3631321;2.439117055;2.461912541;2.591086965;2.591086965;2.560692983;2.560692983;2.727859884;2.811443334;2.811443334;2.90262528;2.948216253;2.948216253;3.069792181;3.176171118;3.244557578;3.282550055;3.388928992;3.480110938;3.700467307;3.761255271;3.837240226;3.974013145;4.0499981;4.110786064;4.247558983;4.407127389;4.50590783;4.7262642;4.756658182;4.939022074;5.144181452;5.303749858;5.311348353;5.72166711;5.835644542;5.835644542;5.995212948;5.995212948;6.131985867;6.207970822;6.314349759;6.420728696;6.519509137;6.542304624;6.587895597;6.709471525;7.248964705;7.332548155;7.514912047;7.788457885;7.86444284;7.955624786;8.062003723;8.327951066;8.517913453;8.791459291;9.353747958;9.422134417;9.444929904;9.703278751;9.946430607;10.08320353;10.11359751;;;
5;Bengkulu;0;0;0;0;0;0;0;0;0;0;0;0;0;0.049509852;0.049509852;0.049509852;0.099019705;0.099019705;0.099019705;0.099019705;0.099019705;0.099019705;0.19803941;0.19803941;0.19803941;0.19803941;0.19803941;0.19803941;0.19803941;0.19803941;0.19803941;0.19803941;0.19803941;0.19803941;0.39607882;0.39607882;0.39607882;0.39607882;0.39607882;0.39607882;0.39607882;0.39607882;0.59411823;0.59411823;0.59411823;0.59411823;0.59411823;0.59411823;0.59411823;0.693137934;0.693137934;0.693137934;1.831864541;1.831864541;1.831864541;1.980394098;1.980394098;2.079413803;2.62402218;2.772551738;3.21814041;3.267650262;3.317160115;3.317160115;3.41617982;3.41617982;3.41617982;3.41617982;3.41617982;3.41617982;3.41617982;3.515199525;3.564709377;4.257847312;4.505396574;4.505396574;4.554906426;4.554906426;4.554906426;4.554906426;4.554906426;4.554906426;4.554906426;4.554906426;4.554906426;4.554906426;4.703435984;4.851965541;5.000495099;5.000495099;5.149024656;5.198534508;5.198534508;5.297554213;;;
6;Gorontalo;0;0;0;0;0;0;0;0;0;0;0;0;0;0;0;0;0;0;0;0;0;0;0;0.081994096;0.081994096;0.081994096;0.081994096;0.081994096;0.081994096;0.327976386;0.327976386;0.327976386;0.327976386;0.327976386;0.573958675;0.573958675;0.573958675;0.983929157;1.14791735;1.229911446;1.14791735;1.229911446;1.229911446;1.229911446;1.229911446;1.229911446;1.229911446;1.229911446;1.229911446;1.229911446;1.557887832;1.557887832;1.557887832;1.557887832;1.557887832;1.557887832;1.557887832;1.721876025;1.803870121;1.885864218;1.967858314;2.2958347;2.2958347;2.2958347;3.607740243;3.853722532;4.017710725;4.755657593;4.755657593;4.755657593;4.919645786;5.329616268;5.575598557;5.657592653;7.707445064;7.707445064;8.855362414;9.675303378;9.921285667;9.921285667;10.33125615;10.98720892;10.98720892;11.3971794;11.88914398;12.21712037;14.84093145;15.16890784;15.16890784;17.05477206;17.54673663;17.54673663;17.54673663;18.03870121;;;
7;West Papua;0;0;0;0;0;0;0;0;0;0.203707476;0.203707476;0.203707476;0.203707476;0.203707476;0.203707476;0.203707476;0.203707476;0.203707476;0.203707476;0.203707476;0.203707476;0.203707476;0.203707476;0.203707476;0.203707476;0.305561214;0.203707476;0.203707476;0.203707476;0.50926869;0.50926869;0.50926869;0.712976166;0.712976166;0.712976166;0.814829904;1.324098594;1.52780607;1.629659809;1.629659809;1.629659809;3.768588307;3.768588307;3.768588307;4.277856997;4.379710735;4.379710735;4.379710735;4.990833164;5.398248116;5.398248116;5.398248116;5.398248116;7.129761662;7.129761662;7.129761662;7.129761662;8.963128947;8.963128947;10.38908128;10.69464249;10.69464249;10.69464249;10.79649623;11.20391118;12.12059483;13.13913221;13.24098594;13.24098594;13.44469342;13.44469342;15.48176818;16.09289061;16.50030556;17.11142799;17.11142799;17.51884294;17.51884294;17.62069668;17.82440416;18.12996537;18.23181911;18.23181911;18.63923406;19.45406396;19.86147892;20.37074761;20.8800163;21.18557751;21.28743125;21.59299246;21.79669994;22.30596863;22.61152984;;;
8;Jakarta;1.484264913;1.972757163;2.019727572;2.508219822;2.883983091;3.31611085;3.983090653;4.34945984;4.83795209;5.617660874;5.890089244;6.341005167;6.557069047;7.017379051;7.590418037;8.42649131;9.121653358;9.657116017;10.55894786;11.57350869;12.86049789;13.80930014;16.02630343;16.46782527;18.29967121;19.20150305;20.53546266;21.93518084;23.2409582;25.08219822;26.44434007;27.46829497;28.4828558;29.09347111;30.62470643;31.78017849;33.03898544;33.80930014;34.60779709;35.6787224;36.34570221;37.59511508;38.44058243;39.22029122;40.55425082;41.30577736;41.92578675;42.63973697;44.03006106;44.80976984;45.60826679;46.54767496;47.49647722;48.75528417;49.5631752;50.49318929;52.17472992;53.43353687;54.2414279;55.24659465;56.45843119;56.91874119;57.82057304;58.58149366;59.19210897;60.12212306;61.20244246;62.32033819;63.02489432;63.86096759;64.77219352;65.76796618;66.96101456;67.90981682;69.02771254;70.31470174;70.84077031;71.61108502;72.24048849;72.9544387;73.9314232;75.46265853;76.28933772;78.48755284;79.87787694;81.25880695;82.10427431;83.2409582;84.34006576;85.67402536;86.6322217;87.82527008;89.39408173;90.69985909;;;
9;Jambi;0;0;0;0;0;0.027189429;0.027189429;0.027189429;0.027189429;0.027189429;0.027189429;0.027189429;0.054378858;0.054378858;0.054378858;0.054378858;0.054378858;0.054378858;0.054378858;0.054378858;0.054378858;0.054378858;0.054378858;0.054378858;0.108757715;0.108757715;0.108757715;0.135947144;0.163136573;0.190326001;0.21751543;0.21751543;0.21751543;0.21751543;0.353462574;0.353462574;0.380652003;0.489409718;0.570978004;0.87006172;0.87006172;0.87006172;0.87006172;0.87006172;0.87006172;0.87006172;1.033198293;1.033198293;1.169145436;1.277903151;1.277903151;1.277903151;1.685744583;1.74012344;1.767312869;1.767312869;1.767312869;1.794502298;1.876070584;2.147964871;2.1751543;2.202343729;2.283912015;2.419859159;2.419859159;2.474238016;2.474238016;2.582995731;2.637374589;2.637374589;2.637374589;2.637374589;2.637374589;2.637374589;2.637374589;2.637374589;2.637374589;2.637374589;2.691753446;2.746132304;2.800511161;2.800511161;2.800511161;2.800511161;2.854890019;2.854890019;2.882079448;2.936458305;2.936458305;2.936458305;2.936458305;2.963647734;2.963647734;3.04521602;;;
10;West Java;0.048061807;0.052066958;0.082105588;0.110141642;0.118151943;0.118151943;0.120154519;0.146187998;0.156200874;0.196252381;0.238306462;0.298383721;0.360463556;0.396509912;0.440566569;0.446574295;0.450579445;0.494636102;0.504648979;0.526677307;0.686883332;0.730939989;0.752968317;0.776999221;0.843084206;0.90115889;1.081390668;1.061364915;1.119439599;1.141467928;1.265627597;1.283650775;1.393792417;1.495923758;1.513946936;1.525962388;1.570019044;1.726219919;1.816335808;1.826348684;1.904449122;1.940495477;2.02059849;2.026606216;2.026606216;2.08868605;2.110714379;2.50722429;2.603347905;2.643399412;2.765556506;2.811615738;2.877700723;2.877700723;2.989844941;3.093978857;3.116007185;3.134030363;3.196110198;3.240166855;3.308254415;3.358318798;3.40437803;3.756831285;3.929052762;4.009155774;4.095266513;4.187384977;4.231441634;4.265485414;4.319554948;4.367616755;4.427694015;4.467745521;4.525820205;4.593907765;4.633959272;4.643972148;4.714062284;4.738093188;4.758118941;4.81419105;4.854242556;4.902304363;5.018453731;5.108569621;5.150623702;5.180662332;5.214706112;5.252755043;5.33085548;5.412961068;5.52310271;5.61722375;;;
11;Central Java;0.022896328;0.034344492;0.034344492;0.040068575;0.042930616;0.042930616;0.05437878;0.108757559;0.114481641;0.123067765;0.157412257;0.180308585;0.231825324;0.266169816;0.297652268;0.297652268;0.326272678;0.343444924;0.343444924;0.377789417;0.380651458;0.400685745;0.412133909;0.412133909;0.412133909;0.572408207;0.58099433;0.795647408;0.835715982;0.858612311;0.870060475;0.941611501;0.998852322;1.004576404;1.285056425;1.370917656;1.539778077;1.645673596;1.777327483;1.857464632;1.90611933;1.951911987;2.034911177;2.07211771;2.135082613;2.195185475;2.220943844;2.283908747;2.42987284;2.550078563;2.587285096;2.670284287;2.744697353;2.799076133;2.804800215;2.830558585;2.92786798;3.050935744;3.174003509;3.262726781;3.311381479;3.334277807;3.362898217;3.411552915;3.483103941;3.531758638;3.686308854;3.746411716;3.752135798;3.763583962;3.795066414;3.823686824;3.863755399;3.909548055;4.015443573;4.055512148;4.098442763;4.164269707;4.232958692;4.398957072;4.47623218;4.622196273;4.699471381;4.791056694;5.188880398;5.243259178;5.369188983;5.569531856;5.892942493;6.224939253;6.385213551;6.71434827;6.843140117;7.0721034;;;
12;East Java;0.020057012;0.022564139;0.037606898;0.065185289;0.102792187;0.102792187;0.127863452;0.127863452;0.147920464;0.165470349;0.193048741;0.225641386;0.228148512;0.233162765;0.260741157;0.260741157;0.388604609;0.381083229;0.471339783;0.47384691;0.486382542;0.491396795;0.559089211;0.641824386;0.669402777;0.967750832;1.103135663;1.190885091;1.251056127;1.288663025;1.308720037;1.391455211;1.479204639;1.479204639;1.511797284;1.599546712;1.664732001;1.72991729;1.93048741;1.968094308;1.9956727;2.148607417;2.186214314;2.401827194;2.592368808;2.599890188;2.800460308;2.818010194;2.93584514;3.061201465;3.176529284;3.219150435;3.557612514;3.765704014;3.850946315;4.18439414;4.442628171;4.670776683;4.81619002;5.277501297;5.395336243;5.75636246;5.959439707;6.257787762;7.516365268;7.844798841;9.013119793;9.183604395;9.742693607;9.885599817;10.38451799;10.81323663;11.0664564;11.56537458;12.17711344;12.34007667;12.87409461;13.33289876;13.55854015;13.91204499;14.62908317;14.91238846;15.82748964;16.37905747;17.06350301;17.80811958;18.60538581;19.04664007;19.53803687;20.21496103;20.82920702;21.39331049;22.35604706;22.70704477;;;
13;West Kalimantan;0.03894991;0.03894991;0.03894991;0.03894991;0.03894991;0.03894991;0.058424866;0.058424866;0.058424866;0.058424866;0.058424866;0.155799642;0.175274597;0.175274597;0.194749552;0.194749552;0.194749552;0.194749552;0.194749552;0.233699462;0.194749552;0.194749552;0.194749552;0.194749552;0.194749552;0.253174418;0.253174418;0.253174418;0.253174418;0.408974059;0.408974059;0.408974059;0.408974059;0.408974059;0.525823791;0.603723611;0.97374776;0.97374776;0.993222716;0.993222716;0.993222716;0.993222716;1.129547402;1.129547402;1.187972268;1.324296954;1.363246865;1.42167173;1.42167173;1.752745969;1.850120745;1.850120745;2.298044714;2.336994625;2.336994625;2.395419491;2.512269222;2.512269222;2.512269222;2.551219132;2.570694087;2.570694087;2.570694087;2.570694087;2.590169043;2.726493729;3.271792475;3.271792475;3.408117161;3.427592117;3.563916803;3.583391758;3.583391758;3.583391758;3.680766534;3.817091221;3.817091221;3.933940952;3.933940952;3.992365818;4.089740594;4.089740594;4.089740594;4.557139519;4.771364026;4.771364026;5.19981304;5.19981304;5.219287996;5.219287996;5.258237906;5.491937369;5.491937369;5.764586741;;;
14;South Kalimantan;0;0;0;0;0.023234201;0.023234201;0.023234201;0.046468401;0.023234201;0.023234201;0.023234201;0.023234201;0.116171004;0.185873606;0.185873606;0.185873606;0.185873606;0.185873606;0.371747212;0.418215613;0.418215613;0.511152416;0.511152416;0.673791822;0.673791822;0.789962825;0.789962825;0.859665428;1.138475836;1.370817844;1.719330855;2.137546468;2.230483271;2.230483271;2.276951673;2.48605948;2.648698885;3.066914498;3.392193309;3.392193309;3.485130112;3.485130112;3.647769517;3.949814126;4.158921933;4.158921933;4.530669145;4.600371747;4.925650558;5.227695167;5.529739777;5.715613383;5.878252788;6.110594796;6.110594796;6.435873606;6.761152416;6.830855019;8.43401487;8.596654275;8.643122677;10.17657993;11.24535316;12.70910781;12.94144981;13.28996283;13.70817844;13.91728625;13.98698885;14.63754647;16.33364312;19.02881041;20.74814126;20.74814126;21.35223048;22.0260223;22.51394052;24.00092937;26.53345725;28.1830855;28.97304833;29.85594796;31.2964684;33.41078067;36.36152416;37.96468401;39.35873606;42.21654275;43.8429368;45.37639405;49.30297398;51.30111524;54.04275093;55.57620818;;;
15;Central Kalimantan;0;0;0.072223025;0.072223025;0.072223025;0.072223025;0.108334537;0.108334537;0.216669074;0.216669074;0.252780586;0.252780586;0.252780586;0.325003611;0.325003611;0.325003611;0.433338148;0.397226636;0.397226636;0.722230247;0.722230247;0.722230247;0.722230247;0.866676296;0.866676296;0.866676296;0.902787809;0.902787809;1.191679908;1.22779142;1.263902932;1.480572006;1.661129568;2.166690741;2.419471327;2.961144013;2.997255525;3.394482161;3.611151235;3.755597284;4.044489383;4.369492994;4.586162068;5.236169291;5.633395927;5.669507439;5.669507439;6.500072223;6.536183735;6.716741297;6.788964322;6.788964322;6.825075834;6.969521884;7.22230247;7.366748519;7.944532717;8.052867254;8.197313303;8.197313303;8.197313303;8.197313303;8.377870865;8.702874476;9.172324137;10.47233858;10.54456161;11.1223458;11.19456883;11.62790698;11.91679908;12.16957966;13.25292503;14.37238192;14.80572006;15.13072367;15.45572729;16.46684963;16.93629929;17.47797198;17.91131013;17.91131013;18.20020222;18.85020945;19.39188213;19.93355482;20.40300448;21.16134624;21.16134624;22.78636429;23.72526361;25.35028167;26.65029611;26.65029611;;;
16;East Kalimantan;0.026359491;0.079078472;0.263594907;0.237235417;0.237235417;0.289954398;0.289954398;0.289954398;0.289954398;0.289954398;0.448111342;0.448111342;0.448111342;0.527189815;0.553549305;0.553549305;0.579908796;0.632627778;0.790784722;0.817144213;0.817144213;0.843503704;0.843503704;0.922582176;0.922582176;0.922582176;0.922582176;0.922582176;0.922582176;1.159817592;1.159817592;1.4234125;1.555209953;1.660647916;1.79244537;1.818804861;1.950602314;2.240556712;2.556870601;2.767746527;2.820465509;3.031341434;3.136779397;3.532171758;3.58489074;4.059361573;4.270237499;4.402034953;4.428394443;4.797427314;4.797427314;5.509133564;5.640931017;5.74636898;5.930885415;6.009963887;6.062682869;6.273558795;6.616232174;6.668951156;6.695310647;6.721670137;6.80074861;6.958905554;7.011624535;7.143421989;7.222500461;7.275219443;7.275219443;7.301578933;10.01660648;7.407016896;7.512454859;7.670611804;7.776049767;7.828768748;7.855128239;8.171442128;8.329599072;8.355958563;8.61955347;8.672272452;8.909507868;9.252181248;9.542135646;9.621214118;9.832090044;9.911168516;9.963887498;10.06932546;10.33292037;10.46471782;10.67559375;10.99190764;;;
17;North Kalimantan;0;0;0;0;0;0;0;0;0;0;0.260416667;0.260416667;0.260416667;0.260416667;0.260416667;0.260416667;1.041666667;1.041666667;1.041666667;1.953125;1.953125;2.083333333;2.083333333;2.083333333;2.083333333;2.083333333;2.083333333;2.083333333;2.604166667;3.645833333;6.119791667;6.510416667;8.984375;9.635416667;10.02604167;10.02604167;10.02604167;10.02604167;10.80729167;11.58854167;11.71875;11.97916667;11.97916667;13.02083333;14.97395833;15.88541667;15.88541667;16.92708333;17.05729167;17.05729167;17.05729167;17.05729167;17.05729167;17.05729167;17.1875;17.1875;17.96875;17.96875;18.359375;19.921875;20.18229167;20.18229167;20.83333333;20.83333333;21.09375;21.22395833;21.22395833;21.35416667;21.35416667;21.35416667;21.484375;21.484375;21.484375;21.484375;21.484375;21.484375;21.484375;21.484375;21.484375;21.74479167;21.875;22.00520833;22.00520833;22.13541667;22.13541667;22.13541667;22.13541667;22.13541667;22.13541667;22.13541667;22.265625;22.265625;22.265625;22.52604167;;;
18;Riau Islands;0.044599055;0.133797164;0.178396218;0.178396218;0.178396218;0.222995273;0.222995273;0.222995273;0.222995273;0.222995273;0.222995273;0.222995273;0.267594327;0.312193382;0.312193382;0.312193382;0.356792436;0.356792436;0.401391491;0.401391491;0.401391491;0.401391491;0.981179199;0.936580145;0.936580145;0.936580145;0.936580145;1.159575417;1.427169744;1.694764071;2.586745161;3.523325306;3.523325306;3.523325306;3.612523415;3.612523415;3.701721524;3.701721524;3.701721524;3.790919633;3.835518687;3.969315851;3.969315851;3.969315851;3.969315851;3.969315851;4.103113014;4.103113014;4.326108287;4.370707341;4.370707341;4.45990545;4.504504505;4.504504505;4.638301668;4.727499777;4.95049505;4.95049505;5.128891268;5.173490322;5.173490322;5.664079922;6.24386763;6.24386763;6.24386763;6.288466685;6.689858175;6.868254393;6.868254393;6.868254393;7.225046829;7.804834538;7.938631701;8.741414682;8.786013737;8.786013737;9.321202391;9.321202391;9.767192936;9.945589154;10.12398537;10.16858443;10.16858443;10.16858443;10.16858443;10.61457497;10.61457497;10.65917403;10.65917403;11.32815984;11.32815984;11.72955133;11.72955133;11.72955133;;;
19;Lampung;0.011735436;0.011735436;0.011735436;0.011735436;0.011735436;0.011735436;0.011735436;0.011735436;0.035206309;0.046941745;0.046941745;0.046941745;0.093883491;0.093883491;0.093883491;0.093883491;0.140825236;0.1290898;0.1290898;0.140825236;0.140825236;0.176031545;0.176031545;0.234708726;0.234708726;0.234708726;0.246444163;0.246444163;0.234708726;0.293385908;0.305121344;0.305121344;0.305121344;0.305121344;0.316856781;0.316856781;0.44594658;0.44594658;0.44594658;0.492888326;0.492888326;0.516359198;0.539830071;0.539830071;0.586771816;0.586771816;0.586771816;0.633713561;0.645448998;0.739332488;0.739332488;0.774538797;0.774538797;0.774538797;0.774538797;0.774538797;0.774538797;0.774538797;0.774538797;0.774538797;0.786274234;0.974041215;0.985776651;0.997512087;1.185279069;1.232220814;1.232220814;1.279162559;1.361310614;1.361310614;1.384781486;1.384781486;1.537342158;1.549077595;1.560813031;1.584283904;1.59601934;1.59601934;1.642961085;1.654696522;1.678167394;1.689902831;1.701638267;1.736844576;1.760315449;1.783786321;1.795521757;1.936346993;1.94808243;1.94808243;1.94808243;1.983288739;2.006759611;2.018495048;;;
20;North Maluku;0;0;0;0;0;0.078198311;0.078198311;0.078198311;0.078198311;0.078198311;0.078198311;0.078198311;0.078198311;0.078198311;0.078198311;0.078198311;0.078198311;0.078198311;0.078198311;0.078198311;0.078198311;0.156396622;0.156396622;0.156396622;0.156396622;0.156396622;0.156396622;0.156396622;0.312793244;0.312793244;0.312793244;0.312793244;0.312793244;0.312793244;0.312793244;0.938379731;1.094776353;1.094776353;1.094776353;2.033156084;2.033156084;2.033156084;2.033156084;3.127932437;3.206130748;3.206130748;3.909915546;3.909915546;3.909915546;3.909915546;3.909915546;3.909915546;4.222708789;4.222708789;4.222708789;4.222708789;6.099468251;6.334063184;6.646856428;6.881451361;7.194244604;7.272442915;7.428839537;7.507037848;7.585236159;7.741632781;7.741632781;7.819831092;8.367219268;9.227400688;9.305598999;10.0093838;10.86956522;11.41695339;11.96434157;12.51172975;13.6065061;13.76290272;13.84110103;13.91929934;14.46668752;14.54488583;14.54488583;14.85767907;17.75101658;20.56615577;22.28651861;23.6158899;24.24147638;24.39787301;24.39787301;25.17985612;26.82202064;29.94995308;;;
21;Maluku;0;0;0;0;0.054588133;0.054588133;0.054588133;0.054588133;0.054588133;0.054588133;0.054588133;0.054588133;0.054588133;0.054588133;0.054588133;0.054588133;0.054588133;0.054588133;0.054588133;0.054588133;0.054588133;0.163764398;0.163764398;0.163764398;0.163764398;0.600469458;0.600469458;0.600469458;0.764233856;0.764233856;0.764233856;0.927998253;0.927998253;0.927998253;0.927998253;0.927998253;0.927998253;0.927998253;1.200938916;1.200938916;1.200938916;1.200938916;1.255527048;1.255527048;1.255527048;1.255527048;1.255527048;1.255527048;1.255527048;1.255527048;1.255527048;1.746820241;1.746820241;1.746820241;1.746820241;2.729406627;2.729406627;3.384464217;3.384464217;3.384464217;4.585403133;5.840930182;5.840930182;6.768928435;7.369397893;8.570336809;8.570336809;8.679513074;8.734101206;8.734101206;9.279982532;10.26256892;11.7364485;11.7364485;12.17315356;12.17315356;12.17315356;12.99197554;12.99197554;13.86538567;14.24750259;14.68420765;16.75855669;17.19526175;17.90490747;17.90490747;21.12560729;21.83525302;22.9816038;24.67383591;27.07571374;28.38582892;29.31382717;29.6959441;;;
22;West Nusa Tenggara;0;0;0;0;0;0;0.019509911;0.039019822;0.039019822;0.039019822;0.039019822;0.039019822;0.039019822;0.078039644;0.117059466;0.117059466;0.136569377;0.136569377;0.136569377;0.19509911;0.19509911;0.19509911;0.312158577;0.487747776;0.526767598;0.721866708;0.721866708;0.721866708;0.721866708;0.877945997;0.995005463;1.073045107;1.190104573;1.404713595;1.814421726;2.107070392;2.243639769;2.985016388;3.511783986;3.804432652;4.019041673;4.311690339;4.487279538;4.487279538;4.545809271;4.877477759;5.248166068;5.248166068;5.560324645;5.638364289;5.85297331;6.087092243;6.438270641;6.438270641;6.457780553;6.613859841;6.711409396;6.828468862;6.98454815;7.121117528;7.238176994;7.316216638;7.316216638;7.667395037;7.999063524;9.05259872;9.24769783;9.325737475;9.325737475;9.520836585;10.47682223;10.96457;11.51084751;11.58888715;12.40830342;12.72046199;13.07164039;13.36428906;13.75448728;14.76900265;15.56890901;15.76400812;16.03714687;16.19322616;16.71999376;16.93460278;17.38333073;17.63695958;17.8515686;18.28078664;18.67098486;19.08069299;19.66599032;19.93912908;;;
23;East Nusa Tenggara;0;0;0;0;0;0;0;0;0;0;0;0;0;0;0;0;0;0;0;0;0;0;0.018045981;0.018045981;0.018045981;0.018045981;0.018045981;0.018045981;0.018045981;0.018045981;0.018045981;0.018045981;0.018045981;0.018045981;0.018045981;0.018045981;0.018045981;0.018045981;0.018045981;0.018045981;0.018045981;0.018045981;0.018045981;0.054137943;0.054137943;0.054137943;0.180459812;0.180459812;0.216551774;0.216551774;0.216551774;0.216551774;0.216551774;0.216551774;0.216551774;0.288735699;0.342873642;0.342873642;0.342873642;0.848161115;1.064712888;1.227126719;1.281264662;1.371494568;1.425632512;1.425632512;1.425632512;1.425632512;1.479770455;1.533908399;1.533908399;1.533908399;1.624138304;1.642184286;1.660230267;1.750460173;1.750460173;1.750460173;1.750460173;1.750460173;1.750460173;1.750460173;1.858736059;1.858736059;1.894828022;1.894828022;1.894828022;1.894828022;1.948965965;1.948965965;1.948965965;1.948965965;1.948965965;1.948965965;;;
24;Papua;0;0;0;0;0.058217384;0.058217384;0.087326076;0.087326076;0.203760843;0.203760843;0.203760843;0.261978227;0.261978227;0.291086919;0.291086919;0.291086919;0.46573907;0.523956453;0.756825988;0.756825988;0.756825988;1.106130291;1.106130291;1.106130291;1.804738895;1.833847587;1.979391046;1.979391046;2.183151889;2.328695348;2.590673575;2.765325726;3.114630029;3.114630029;3.434825639;3.580369098;3.784129941;3.958782092;3.958782092;4.104325552;4.39541247;5.152238458;5.501542761;5.96728183;6.11282529;6.986086045;6.986086045;6.986086045;7.189846888;7.21895558;7.335390348;7.713803342;8.063107644;8.965477091;8.965477091;9.372998777;9.547650929;9.664085696;9.751411772;10.18804215;11.14862898;11.14862898;11.32328113;11.90545497;11.93456366;12.72049834;14.37969378;16.18443267;16.50462828;16.50462828;16.91214997;16.99947604;18.62956279;19.15351924;19.648367;21.1038016;23.84001863;24.97525761;25.47010537;26.72177912;29.25423531;30.97164813;31.72847412;32.25243058;33.09658264;33.64964778;34.84310415;36.00745183;36.35675613;36.35675613;37.28823427;38.16149502;39.296734;39.82069046;;;
25;Riau;0.01402859;0.028057181;0.01402859;0.01402859;0.01402859;0.01402859;0.028057181;0.01402859;0.028057181;0.01402859;0.01402859;0.028057181;0.042085771;0.042085771;0.042085771;0.098200132;0.140285903;0.140285903;0.154314493;0.168343083;0.168343083;0.168343083;0.168343083;0.182371673;0.224457444;0.224457444;0.280571805;0.280571805;0.280571805;0.336686166;0.364743347;0.420857708;0.420857708;0.476972069;0.491000659;0.491000659;0.50502925;0.50502925;0.53308643;0.54711502;0.54711502;0.561143611;0.575172201;0.575172201;0.589200791;0.631286562;0.743515284;0.813658235;0.855744006;0.855744006;0.925886958;0.967972728;0.996029909;1.024087089;1.03811568;1.136315812;1.234515943;1.318687485;1.332716075;1.332716075;1.388830436;1.416887617;1.487030568;1.501059159;1.515087749;1.529116339;1.543144929;1.55717352;1.55717352;1.55717352;1.55717352;1.55717352;1.641345061;1.641345061;1.641345061;1.641345061;1.641345061;1.641345061;1.641345061;1.641345061;1.655373652;1.655373652;1.655373652;1.683430832;1.683430832;1.683430832;1.683430832;1.753573783;1.753573783;1.767602374;1.767602374;1.795659554;1.879831096;1.992059818;;;
26;West Sulawesi;0;0;0;0;0;0;0;0;0;0;0;0.071174377;0.071174377;0.071174377;0.071174377;0.071174377;0.071174377;0.071174377;0.142348754;0.142348754;0.142348754;0.142348754;0.142348754;0.213523132;0.355871886;0.355871886;0.355871886;0.355871886;0.498220641;0.498220641;0.498220641;0.498220641;0.498220641;0.498220641;0.498220641;0.569395018;0.569395018;2.348754448;2.491103203;2.491103203;2.491103203;2.633451957;2.704626335;2.989323843;3.060498221;3.131672598;3.131672598;3.131672598;4.128113879;4.128113879;4.128113879;4.270462633;4.412811388;4.412811388;4.412811388;4.839857651;5.195729537;5.266903915;5.266903915;5.338078292;5.338078292;5.338078292;5.480427046;5.551601423;6.120996441;6.120996441;6.120996441;6.120996441;6.120996441;6.192170819;6.263345196;6.263345196;6.263345196;6.263345196;6.548042705;6.548042705;6.548042705;6.548042705;6.548042705;6.548042705;6.548042705;6.690391459;6.690391459;6.690391459;6.761565836;6.832740214;6.903914591;6.903914591;6.975088968;6.975088968;6.975088968;7.046263345;7.402135231;7.402135231;;;
27;South Sulawesi;0;0.022401434;0.022401434;0.022401434;0.022401434;0.022401434;0.044802867;0.145609319;0.302419355;0.324820789;0.369623656;0.526433692;0.560035842;0.560035842;0.739247312;0.739247312;0.918458781;0.918458781;0.929659498;1.265681004;1.422491039;1.422491039;1.545698925;1.870519713;1.993727599;2.48655914;2.497759857;2.587365591;2.710573477;3.035394265;3.718637993;3.841845878;4.144265233;4.144265233;4.1890681;4.334677419;4.446684588;4.704301075;4.838709677;4.928315412;4.928315412;5.073924731;5.208333333;5.499551971;6.126792115;6.46281362;6.731630824;6.798835125;7.168458781;7.448476703;7.661290323;7.930107527;7.952508961;8.086917563;8.086917563;8.366935484;8.994175627;9.408602151;9.755824373;10.27105735;10.65188172;11.39112903;11.91756272;12.33198925;12.71281362;13.50806452;14.15770609;14.51612903;14.77374552;15.14336918;15.46818996;15.98342294;16.44265233;16.91308244;17.26030466;17.76433692;18.25716846;18.6827957;19.28763441;19.89247312;20.609319;21.32616487;22.55824373;24.57437276;26.69130824;28.27060932;28.9202509;30.3203405;31.81003584;32.94130824;34.90143369;35.84229391;37.7016129;40.02016129;;;
28;Central Sulawesi;0;0;0;0;0;0;0;0;0.032289312;0.032289312;0.064578624;0.064578624;0.096867937;0.096867937;0.064578624;0.064578624;0.129157249;0.129157249;0.129157249;0.129157249;0.161446561;0.161446561;0.161446561;0.452050371;0.613496933;0.613496933;0.613496933;0.613496933;0.710364869;0.710364869;0.774943494;0.774943494;0.87181143;0.87181143;0.87181143;0.936390055;0.936390055;1.033257992;1.162415241;1.162415241;1.162415241;1.356151114;1.517597675;1.517597675;1.549886987;1.905069422;1.905069422;1.905069422;2.260251857;2.260251857;2.421698418;2.421698418;2.421698418;2.680012916;2.680012916;3.067484663;3.261220536;3.584113658;3.616402971;3.648692283;3.713270907;3.713270907;3.713270907;3.713270907;3.777849532;3.777849532;3.907006781;3.907006781;3.907006781;3.907006781;3.907006781;4.068453342;4.068453342;4.068453342;4.133031966;4.133031966;4.133031966;4.165321279;4.165321279;4.391346464;4.488214401;5.134000646;5.134000646;5.134000646;5.134000646;5.134000646;5.134000646;5.424604456;5.48918308;5.521472393;5.553761705;5.553761705;5.553761705;5.586051017;;;
29;Southeast Sulawesi;0;0.108869212;0.108869212;0.108869212;0.108869212;0.108869212;0.108869212;0.108869212;0.108869212;0.108869212;0.108869212;0.108869212;0.108869212;0.108869212;0.108869212;0.108869212;0.217738424;0.181448686;0.217738424;0.254028161;0.254028161;0.39918711;0.544346059;0.544346059;0.580635796;0.580635796;0.580635796;0.580635796;0.870953694;0.943533169;0.979822906;1.016112643;1.342720279;1.342720279;1.342720279;1.342720279;1.342720279;1.487879228;1.487879228;1.633038177;1.633038177;1.633038177;1.923356075;2.24996371;2.24996371;2.322543185;2.322543185;2.322543185;2.503991871;2.503991871;2.503991871;2.540281608;2.576571346;2.758020032;2.758020032;2.758020032;6.060386123;6.024096386;6.641021919;6.858760343;6.931339817;6.931339817;7.330526927;7.330526927;7.330526927;7.657134562;7.802293511;7.802293511;7.802293511;7.802293511;8.201480621;8.709536943;8.74582668;8.74582668;8.854695892;8.854695892;8.854695892;9.108724053;9.14501379;9.326462476;9.326462476;9.399041951;9.399041951;9.5442009;9.653070112;9.870808535;10.05225722;10.1248367;10.26999565;10.37886486;10.56031354;10.59660328;11.83045435;11.93932356;;;
30;North Sulawesi;0.039544448;0.039544448;0.039544448;0.039544448;0.039544448;0.039544448;0.079088896;0.079088896;0.079088896;0.079088896;0.079088896;0.079088896;0.079088896;0.079088896;0.118633344;0.118633344;0.118633344;0.118633344;0.118633344;0.19772224;0.316355584;0.316355584;0.316355584;0.514077823;0.514077823;0.672255615;0.672255615;0.672255615;0.711800063;0.711800063;0.711800063;0.790888959;0.790888959;0.790888959;0.790888959;0.790888959;1.225877887;1.423600127;1.423600127;1.581777918;1.581777918;1.700411262;1.73995571;1.779500158;1.779500158;1.779500158;1.779500158;1.779500158;1.779500158;1.779500158;1.779500158;1.858589054;2.095855742;2.807655805;2.807655805;2.926289149;3.242644733;3.282189181;4.152167036;4.508067067;4.508067067;4.587155963;4.982600443;6.01075609;7.118000633;7.829800696;7.94843404;9.095223031;9.451123062;10.47927871;11.11198988;11.74470104;12.10060108;12.73331224;13.40556786;13.40556786;13.99873458;14.90825688;15.10597912;15.46187915;18.58589054;19.57450174;20.16766846;21.78899083;21.59126859;22.89623537;25.46662449;25.74343562;26.02024676;26.73204682;27.72065802;29.1047137;30.0933249;31.0028472;;;
31;West Sumatera;0;0;0;0;0;0;0;0;0.054557358;0.09092893;0.09092893;0.09092893;0.145486288;0.145486288;0.145486288;0.145486288;0.145486288;0.145486288;0.145486288;0.327344148;0.327344148;0.327344148;0.327344148;0.563759366;0.563759366;0.800174584;0.81836037;0.872917728;1.000218229;1.000218229;1.127518731;1.291190805;1.309376591;1.345748163;1.382119735;1.473048665;1.563977595;1.745835455;1.764021241;1.854950171;2.200480105;2.618753183;2.636938969;2.691496326;3.12795519;3.30981305;3.546228268;3.691714556;4.019058704;4.328217066;4.582818069;4.910162217;5.201134793;5.437550011;5.437550011;5.801265731;6.16498145;6.746926602;7.147013894;7.201571252;7.419800684;7.43798647;7.638030116;7.783516404;7.929002691;7.965374263;8.056303193;8.692805703;8.692805703;9.329308213;9.765767076;9.83851022;9.83851022;10.03855387;10.31134066;10.31134066;10.43864116;10.60231323;10.80235688;11.0387721;11.23881574;11.38430203;11.38430203;11.72983196;11.98443297;12.02080454;12.2026624;12.25721976;12.38452026;12.38452026;12.49363497;12.56637812;12.65730705;12.73005019;;;
32;South Sumatera;0;0;0;0;0;0;0.011671471;0.011671471;0.011671471;0.011671471;0.023342943;0.023342943;0.023342943;0.058357357;0.058357357;0.128386186;0.140057657;0.140057657;0.186743543;0.186743543;0.186743543;0.186743543;0.198415014;0.2451009;0.2451009;0.2451009;0.210086486;0.221757957;0.256772371;0.431844443;0.630259457;0.980403599;1.038760957;1.038760957;1.038760957;1.038760957;1.085446842;1.237175971;1.388905099;1.505619813;1.505619813;1.669020413;1.680691885;1.750720713;1.820749542;1.820749542;2.159222213;2.159222213;2.322622813;2.451008999;2.649424013;2.649424013;3.244669055;3.244669055;3.244669055;3.256340527;3.758213798;5.147118897;5.345533911;5.345533911;6.080836611;6.267580154;6.967868439;7.539770539;7.866571739;8.088329696;8.461816781;8.590202967;9.477234795;10.13083719;10.74942518;10.99452608;11.12291227;11.23962698;11.46138494;11.61311407;11.89322938;12.00994409;12.32507382;12.53516031;12.88530445;13.17709124;13.51556391;13.86570805;14.34423838;14.83444018;15.21959873;15.47637111;16.29337411;16.90029062;17.48386419;17.98573746;18.62766839;19.60807199;;;
33;North Sumatera;0.006801102;0.013602204;0.013602204;0.013602204;0.013602204;0.013602204;0.047607712;0.047607712;0.054408814;0.054408814;0.054408814;0.054408814;0.088414323;0.129220934;0.149624239;0.149624239;0.149624239;0.170027544;0.170027544;0.176828646;0.176828646;0.401265005;0.401265005;0.401265005;0.401265005;0.442071616;0.455673819;0.489679328;0.530485939;0.537287041;0.537287041;0.537287041;0.550889244;0.564491448;0.571292549;0.632502465;0.646104669;0.652905771;0.714115687;0.754922297;0.754922297;0.754922297;0.775325603;0.795728908;0.795728908;0.795728908;0.836535519;0.877342129;0.884143231;0.958955351;0.965756453;1.067772979;1.217397218;1.217397218;1.333015949;1.346618152;1.360220356;1.373822559;1.373822559;1.373822559;1.482640188;1.5302479;1.598258918;1.700275445;1.856700786;1.938314007;1.999523923;2.115142653;2.14234706;2.14234706;2.25796579;2.461998844;2.720440711;2.761247322;2.781650627;2.836059442;2.842860543;3.01968919;3.318937668;3.652191655;4.114666576;4.114666576;4.12826878;4.203080899;4.318699629;4.624749209;5.223246166;5.862549733;5.930560751;6.338626858;6.508654402;6.597068725;6.753494066;6.964328221;;;
34;Yogyakarta;0.077273781;0.128789635;0.103031708;0.128789635;0.128789635;0.128789635;0.154547562;0.437884759;0.412126832;0.566674394;0.566674394;0.566674394;0.463642686;0.592432321;0.721221956;0.695464029;0.695464029;0.850011591;0.875769518;1.03031708;1.056075007;1.056075007;1.056075007;1.056075007;1.056075007;1.056075007;1.468201839;1.596991474;1.596991474;1.596991474;1.648507328;1.725781109;1.725781109;1.777296963;1.854570744;1.931844525;1.957602452;1.983360379;2.034876233;2.112150014;2.137907941;2.395487211;2.421245138;2.447003065;2.678824408;2.936403678;2.962161605;2.962161605;3.116709167;3.142467094;3.528835999;3.683383561;3.760657342;3.940962831;4.095510393;4.353089663;4.662184787;4.765216495;4.842490276;4.997037838;5.125827473;5.1515854;5.331890889;5.383406743;5.537954305;5.66674394;5.795533575;5.821291502;5.821291502;5.821291502;5.872807356;5.872807356;5.92432321;6.001596991;6.078870772;6.104628699;6.104628699;6.104628699;6.104628699;6.130386626;6.233418334;6.284934188;6.36220797;6.413723824;6.439481751;6.490997605;6.748576875;6.800092729;6.928882364;7.006156145;7.031914072;7.109187853;7.109187853;7.13494578;;;
